allay	allay/root/body/0	root/body	chest	0.0	1.21875	0.0	-0.09375	0.0	-0.0625	0.09375	0.25	0.0625
allay	allay/root/body/1	root/body	chest	0.0	1.21875	0.0	-0.09375	0.0	-0.0625	0.09375	0.3125	0.0625
allay	allay/root/body/left_arm/0	root/body/left_arm	left_arm	0.109375	1.25	0.0	-0.015625	-0.03125	-0.0625	0.046875	0.21875	0.0625
allay	allay/root/body/left_wing/0	root/body/left_wing	left_arm	0.03125	1.21875	0.0375	0.0	0.0625	0.0	0.0	0.375	0.5
allay	allay/root/body/right_arm/0	root/body/right_arm	right_arm	-0.109375	1.25	0.0	-0.046875	-0.03125	-0.0625	0.015625	0.21875	0.0625
allay	allay/root/body/right_wing/0	root/body/right_wing	right_arm	-0.03125	1.21875	0.0375	0.0	0.0625	0.0	0.0	0.375	0.5
allay	allay/root/head/0	root/head	head	0.0	1.219375	0.0	-0.15625	-0.3125	-0.15625	0.15625	0.0	0.15625
armadillo	armadillo/body/0	body	chest	0.0	1.3125	0.25	-0.25	-0.4375	-0.625	0.25	0.0625	0.125
armadillo	armadillo/body/1	body	chest	0.0	1.3125	0.25	-0.25	-0.4375	-0.625	0.25	0.0625	0.125
armadillo	armadillo/body/head/head_cube/0	body/head/head_cube	head	0.0	1.1875	-0.4375	-0.09375	-0.08166027	-0.15341353	0.09375	0.25488758	0.08166021
armadillo	armadillo/body/head/left_ear/left_ear_cube/0	body/head/left_ear/left_ear_cube	head	0.09375	1.125	-0.475	-1.1622906E-6	-0.18465102	-0.07966849	0.11548641	0.13140678	0.021707624
armadillo	armadillo/body/head/right_ear/right_ear_cube/0	body/head/right_ear/right_ear_cube	head	-0.09375	1.125	-0.475	-0.11548641	-0.18465102	-0.07966849	1.1622906E-6	0.13140678	0.021707624
armadillo	armadillo/body/tail/0	body/tail	chest	0.0	1.125	0.3125	-0.031250004	-0.03785348	0.0024794638	0.031250004	0.3204353	0.23893327
armadillo	armadillo/cube/0	cube	chest	0.0	1.5	0.0	-0.3125	-0.625	-0.375	0.3125	0.0	0.25
armadillo	armadillo/left_front_leg/0	left_front_leg	left_leg	0.125	1.3125	-0.25	-0.0625	0.0	-0.0625	0.0625	0.1875	0.0625
armadillo	armadillo/left_hind_leg/0	left_hind_leg	left_leg	0.125	1.3125	0.25	-0.0625	0.0	-0.0625	0.0625	0.1875	0.0625
armadillo	armadillo/right_front_leg/0	right_front_leg	right_leg	-0.125	1.3125	-0.25	-0.0625	0.0	-0.0625	0.0625	0.1875	0.0625
armadillo	armadillo/right_hind_leg/0	right_hind_leg	right_leg	-0.125	1.3125	0.25	-0.0625	0.0	-0.0625	0.0625	0.1875	0.0625
armor_stand	armor_stand/base_plate/0	base_plate	chest	0.0	0.75	0.0	-0.375	0.6875	-0.375	0.375	0.75	0.375
armor_stand	armor_stand/body/0	body	chest	0.0	0.0	0.0	-0.375	0.0	-0.09375	0.375	0.1875	0.09375
armor_stand	armor_stand/hat/0	hat	chest	0.0	0.0	0.0	-0.25	-0.5	-0.25	0.25	0.0	0.25
armor_stand	armor_stand/head/0	head	head	0.0	0.0625	0.0	-0.0625	-0.4375	-0.0625	0.0625	0.0	0.0625
armor_stand	armor_stand/left_arm/0	left_arm	left_arm	0.3125	0.125	0.0	0.0	-0.125	-0.0625	0.125	0.625	0.0625
armor_stand	armor_stand/left_body_stick/0	left_body_stick	chest	0.0	0.0	0.0	0.0625	0.1875	-0.0625	0.1875	0.625	0.0625
armor_stand	armor_stand/left_leg/0	left_leg	left_leg	0.11875	0.75	0.0	-0.0625	0.0	-0.0625	0.06250001	0.6875	0.0625
armor_stand	armor_stand/right_arm/0	right_arm	right_arm	-0.3125	0.125	0.0	-0.125	-0.125	-0.0625	0.0	0.625	0.0625
armor_stand	armor_stand/right_body_stick/0	right_body_stick	chest	0.0	0.0	0.0	-0.1875	0.1875	-0.0625	-0.0625	0.625	0.0625
armor_stand	armor_stand/right_leg/0	right_leg	right_leg	-0.11875	0.75	0.0	-0.06250001	0.0	-0.0625	0.0625	0.6875	0.0625
armor_stand	armor_stand/shoulder_stick/0	shoulder_stick	chest	0.0	0.0	0.0	-0.25	0.625	-0.0625	0.25	0.75	0.0625
axolotl	axolotl/body/0	body	chest	0.0	1.25	0.3125	-0.25	-0.125	-0.5625	0.25	0.125	0.0625
axolotl	axolotl/body/1	body	chest	0.0	1.25	0.3125	0.0	-0.1875	-0.5	0.0	0.125	0.0625
axolotl	axolotl/body/head/0	body/head	head	0.0	1.25	-0.25	-0.25	-0.1875	-0.3125	0.25	0.125	0.0
axolotl	axolotl/body/head/left_gills/0	body/head/left_gills	head	-0.25	1.25	-0.3125	-0.1875	-0.3125	0.0	0.0	0.125	0.0
axolotl	axolotl/body/head/right_gills/0	body/head/right_gills	head	0.25	1.25	-0.3125	0.0	-0.3125	0.0	0.1875	0.125	0.0
axolotl	axolotl/body/head/top_gills/0	body/head/top_gills	head	0.0	1.0625	-0.3125	-0.25	-0.1875	0.0	0.25	0.0	0.0
axolotl	axolotl/body/left_front_leg/0	body/left_front_leg	left_leg	0.21875	1.3125	-0.1875	-0.0625	0.0	0.0	0.125	0.3125	0.0
axolotl	axolotl/body/left_hind_leg/0	body/left_hind_leg	left_leg	0.21875	1.3125	0.25	-0.0625	0.0	0.0	0.125	0.3125	0.0
axolotl	axolotl/body/right_front_leg/0	body/right_front_leg	right_leg	-0.21875	1.3125	-0.1875	-0.125	0.0	0.0	0.0625	0.3125	0.0
axolotl	axolotl/body/right_hind_leg/0	body/right_hind_leg	right_leg	-0.21875	1.3125	0.25	-0.125	0.0	0.0	0.0625	0.3125	0.0
axolotl	axolotl/body/tail/0	body/tail	chest	0.0	1.25	0.375	0.0	-0.1875	0.0	0.0	0.125	0.75
banner	banner/bar/0	bar	chest	0.0	0.0	0.0	-0.625	-2.0	-0.0625	0.625	-1.875	0.0625
banner	banner/flag/0	flag	chest	0.0	0.0	0.0	-0.625	0.0	-0.125	0.625	2.5	-0.0625
banner	banner/pole/0	pole	chest	0.0	0.0	0.0	-0.0625	-1.875	-0.0625	0.0625	0.75	0.0625
bat	bat/body/0	body	chest	0.0	1.0625	0.0	-0.09375	0.0	-0.0625	0.09375	0.3125	0.0625
bat	bat/body/feet/0	body/feet	chest	0.0	1.375	0.0	-0.09375	0.0	0.0	0.09375	0.125	0.0
bat	bat/body/left_wing/0	body/left_wing	left_arm	0.09375	1.0625	0.0	0.0	-0.125	0.0	0.125	0.3125	0.0
bat	bat/body/left_wing/left_wing_tip/0	body/left_wing/left_wing_tip	left_arm	0.21875	1.0625	0.0	0.0	-0.125	0.0	0.375	0.375	0.0
bat	bat/body/right_wing/0	body/right_wing	right_arm	-0.09375	1.0625	0.0	-0.125	-0.125	0.0	0.0	0.3125	0.0
bat	bat/body/right_wing/right_wing_tip/0	body/right_wing/right_wing_tip	right_arm	-0.21875	1.0625	0.0	-0.375	-0.125	0.0	0.0	0.375	0.0
bat	bat/head/0	head	head	0.0	1.0625	0.0	-0.125	-0.1875	-0.0625	0.125	0.0	0.0625
bat	bat/head/left_ear/0	head/left_ear	head	0.06875	0.875	0.0	-0.0062500015	-0.1875	0.0	0.18125	0.125	0.0
bat	bat/head/right_ear/0	head/right_ear	head	-0.09375	0.9375	0.0	-0.15625	-0.25	0.0	0.03125	0.0625	0.0
bed_foot	bed_foot/left_leg/0	left_leg	left_leg	0.0	0.0	0.0	0.0	0.81249994	0.37499997	0.18749999	0.99999994	0.56249994
bed_foot	bed_foot/main/0	main	chest	0.0	0.0	0.0	0.0	0.0	0.0	1.0	1.0	0.375
bed_foot	bed_foot/right_leg/0	right_leg	right_leg	0.0	0.0	0.0	0.8124999	0.8124999	0.37499994	0.9999999	0.9999999	0.56249994
bed_head	bed_head/left_leg/0	left_leg	left_leg	0.0	0.0	0.0	0.0	0.0	0.37499994	0.18749997	0.18749997	0.56249994
bed_head	bed_head/main/0	main	chest	0.0	0.0	0.0	0.0	0.0	0.0	1.0	1.0	0.375
bed_head	bed_head/right_leg/0	right_leg	right_leg	0.0	0.0	0.0	0.81249994	0.0	0.37499997	0.99999994	0.18749999	0.56249994
bee	bee/bone/back_legs/0	bone/back_legs	right_leg	0.09375	1.375	0.125	-0.3125	0.0	0.0	0.125	0.125	0.0
bee	bee/bone/body/0	bone/body	chest	0.0	1.1875	0.0	-0.21875	-0.25	-0.3125	0.21875	0.1875	0.3125
bee	bee/bone/body/left_antenna/0	bone/body/left_antenna	chest	0.0	1.0625	-0.3125	0.09375	-0.125	-0.1875	0.15625	0.0	0.0
bee	bee/bone/body/right_antenna/0	bone/body/right_antenna	chest	0.0	1.0625	-0.3125	-0.15625	-0.125	-0.1875	-0.09375	0.0	0.0
bee	bee/bone/body/stinger/0	bone/body/stinger	chest	0.0	1.1875	0.0	0.0	-0.0625	0.3125	0.0	0.0	0.4375
bee	bee/bone/front_legs/0	bone/front_legs	right_leg	0.09375	1.375	-0.125	-0.3125	0.0	0.0	0.125	0.125	0.0
bee	bee/bone/left_wing/0	bone/left_wing	left_arm	0.09375	0.9375	-0.1875	0.0	0.0	-0.14558604	0.6403905	0.0	0.36222214
bee	bee/bone/middle_legs/0	bone/middle_legs	right_leg	0.09375	1.375	0.0	-0.3125	0.0	0.0	0.125	0.125	0.0
bee	bee/bone/right_wing/0	bone/right_wing	right_arm	-0.09375	0.9375	-0.1875	-0.6403905	0.0	-0.14558604	0.0	0.0	0.36222214
bell	bell/bell_body/0	bell_body	chest	0.5	0.75	0.5	-0.1875	-0.375	-0.1875	0.1875	0.0625	0.1875
bell	bell/bell_body/bell_base/0	bell_body/bell_base	chest	0.0	0.0	0.0	0.25	0.25	0.25	0.75	0.375	0.75
blaze	blaze/head/0	head	head	0.0	0.0	0.0	-0.25	-0.25	-0.25	0.25	0.25	0.25
blaze	blaze/part0/0	part0	chest	0.5625	-0.0625	0.0	0.0	0.0	0.0	0.125	0.5	0.125
blaze	blaze/part1/0	part1	chest	0.30393723	-0.07015055	0.47331643	0.0	0.0	0.0	0.125	0.5	0.125
blaze	blaze/part10/0	part10	chest	-0.2448578	0.7091694	0.19416721	0.0	0.0	0.0	0.125	0.5	0.124999985
blaze	blaze/part11/0	part11	chest	-0.29567727	0.6633942	-0.101149365	0.0	0.0	0.0	0.125	0.5	0.125
blaze	blaze/part2/0	part2	chest	-0.23404549	-0.0912292	0.5114968	0.0	0.0	0.0	0.125	0.5	0.125
blaze	blaze/part3/0	part3	chest	-0.55686975	-0.12057553	0.07938722	0.0	0.0	0.0	0.125	0.5	0.125
blaze	blaze/part4/0	part4	chest	0.30935922	0.09899495	0.30935922	0.0	0.0	0.0	0.125	0.5	0.125
blaze	blaze/part5/0	part5	chest	-0.093153805	0.07493192	0.42746767	0.0	0.0	0.0	0.125	0.5	0.12500003
blaze	blaze/part6/0	part6	chest	-0.41002733	0.06312558	0.15259042	0.0	0.0	0.0	0.125	0.5	0.125
blaze	blaze/part7/0	part7	chest	-0.34992346	0.06647077	-0.262602	0.0	0.0	0.0	0.125	0.49999997	0.125
blaze	blaze/part8/0	part8	chest	0.27844226	0.7475102	0.14186668	0.0	0.0	0.0	0.125	0.5	0.125
blaze	blaze/part9/0	part9	chest	0.031077567	0.743313	0.31095085	0.0	0.0	0.0	0.125	0.50000006	0.125
boat/acacia	boat/acacia/back/0	back	chest	-0.9375	0.25	0.25	-0.0625	-0.43749997	-0.81249994	0.0625	-0.0625	0.3125
boat/acacia	boat/acacia/bottom/0	bottom	chest	0.0	0.1875	0.0625	-0.87499994	0.0	-0.56249994	0.87499994	0.1875	0.43749997
boat/acacia	boat/acacia/front/0	front	chest	0.9375	0.25	0.0	-0.0625	-0.43749997	-0.49999997	0.0625	-0.0625	0.49999997
boat/acacia	boat/acacia/left/0	left	chest	0.0	0.25	0.5625	-0.875	-0.4375	-0.0625	0.875	-0.0625	0.0625
boat/acacia	boat/acacia/left_paddle/0	left_paddle	chest	0.1875	-0.3125	0.5625	-0.085685365	-0.012193143	-0.3125	0.061299086	0.1347913	0.8125
boat/acacia	boat/acacia/left_paddle/1	left_paddle	chest	0.1875	-0.3125	0.5625	-0.09793981	-0.19610256	0.5	0.036518127	0.18388504	0.9375
boat/acacia	boat/acacia/right/0	right	chest	0.0	0.25	-0.5625	-0.875	-0.4375	-0.0625	0.875	-0.0625	0.0625
boat/acacia	boat/acacia/right_paddle/0	right_paddle	chest	0.1875	-0.3125	-0.5625	-0.085685365	-0.012193143	-0.8125	0.061299086	0.1347913	0.3125
boat/acacia	boat/acacia/right_paddle/1	right_paddle	chest	0.1875	-0.3125	-0.5625	-0.09793981	-0.19610256	-0.9375	0.036518127	0.18388504	-0.5
boat/acacia	boat/acacia/water_patch/0	water_patch	chest	0.0	-0.1875	0.0625	-0.87499994	0.0	-0.56249994	0.87499994	0.18749999	0.43749997
boat/bamboo	boat/bamboo/bottom/0	bottom	chest	0.0	-0.13125	0.0625	-0.875	-2.1010637E-6	-0.68749994	0.875	0.25000256	0.5625009
boat/bamboo	boat/bamboo/bottom/1	bottom	chest	0.0	-0.13125	0.0625	-0.875	0.24999836	-0.56249905	0.875	0.500002	0.43750185
boat/bamboo	boat/bamboo/left_paddle/0	left_paddle	chest	0.1875	-0.25	0.5625	-0.085685365	-0.012193143	-0.3125	0.061299086	0.1347913	0.8125
boat/bamboo	boat/bamboo/left_paddle/1	left_paddle	chest	0.1875	-0.25	0.5625	-0.09793981	-0.19610256	0.5	0.036518127	0.18388504	0.9375
boat/bamboo	boat/bamboo/right_paddle/0	right_paddle	chest	0.1875	-0.25	-0.5625	-0.085685365	-0.012193143	-0.8125	0.061299086	0.1347913	0.3125
boat/bamboo	boat/bamboo/right_paddle/1	right_paddle	chest	0.1875	-0.25	-0.5625	-0.09793981	-0.19610256	-0.9375	0.036518127	0.18388504	-0.5
boat/birch	boat/birch/back/0	back	chest	-0.9375	0.25	0.25	-0.0625	-0.43749997	-0.81249994	0.0625	-0.0625	0.3125
boat/birch	boat/birch/bottom/0	bottom	chest	0.0	0.1875	0.0625	-0.87499994	0.0	-0.56249994	0.87499994	0.1875	0.43749997
boat/birch	boat/birch/front/0	front	chest	0.9375	0.25	0.0	-0.0625	-0.43749997	-0.49999997	0.0625	-0.0625	0.49999997
boat/birch	boat/birch/left/0	left	chest	0.0	0.25	0.5625	-0.875	-0.4375	-0.0625	0.875	-0.0625	0.0625
boat/birch	boat/birch/left_paddle/0	left_paddle	chest	0.1875	-0.3125	0.5625	-0.085685365	-0.012193143	-0.3125	0.061299086	0.1347913	0.8125
boat/birch	boat/birch/left_paddle/1	left_paddle	chest	0.1875	-0.3125	0.5625	-0.09793981	-0.19610256	0.5	0.036518127	0.18388504	0.9375
boat/birch	boat/birch/right/0	right	chest	0.0	0.25	-0.5625	-0.875	-0.4375	-0.0625	0.875	-0.0625	0.0625
boat/birch	boat/birch/right_paddle/0	right_paddle	chest	0.1875	-0.3125	-0.5625	-0.085685365	-0.012193143	-0.8125	0.061299086	0.1347913	0.3125
boat/birch	boat/birch/right_paddle/1	right_paddle	chest	0.1875	-0.3125	-0.5625	-0.09793981	-0.19610256	-0.9375	0.036518127	0.18388504	-0.5
boat/birch	boat/birch/water_patch/0	water_patch	chest	0.0	-0.1875	0.0625	-0.87499994	0.0	-0.56249994	0.87499994	0.18749999	0.43749997
boat/cherry	boat/cherry/back/0	back	chest	-0.9375	0.25	0.25	-0.0625	-0.43749997	-0.81249994	0.0625	-0.0625	0.3125
boat/cherry	boat/cherry/bottom/0	bottom	chest	0.0	0.1875	0.0625	-0.87499994	0.0	-0.56249994	0.87499994	0.1875	0.43749997
boat/cherry	boat/cherry/front/0	front	chest	0.9375	0.25	0.0	-0.0625	-0.43749997	-0.49999997	0.0625	-0.0625	0.49999997
boat/cherry	boat/cherry/left/0	left	chest	0.0	0.25	0.5625	-0.875	-0.4375	-0.0625	0.875	-0.0625	0.0625
boat/cherry	boat/cherry/left_paddle/0	left_paddle	chest	0.1875	-0.3125	0.5625	-0.085685365	-0.012193143	-0.3125	0.061299086	0.1347913	0.8125
boat/cherry	boat/cherry/left_paddle/1	left_paddle	chest	0.1875	-0.3125	0.5625	-0.09793981	-0.19610256	0.5	0.036518127	0.18388504	0.9375
boat/cherry	boat/cherry/right/0	right	chest	0.0	0.25	-0.5625	-0.875	-0.4375	-0.0625	0.875	-0.0625	0.0625
boat/cherry	boat/cherry/right_paddle/0	right_paddle	chest	0.1875	-0.3125	-0.5625	-0.085685365	-0.012193143	-0.8125	0.061299086	0.1347913	0.3125
boat/cherry	boat/cherry/right_paddle/1	right_paddle	chest	0.1875	-0.3125	-0.5625	-0.09793981	-0.19610256	-0.9375	0.036518127	0.18388504	-0.5
boat/cherry	boat/cherry/water_patch/0	water_patch	chest	0.0	-0.1875	0.0625	-0.87499994	0.0	-0.56249994	0.87499994	0.18749999	0.43749997
boat/dark_oak	boat/dark_oak/back/0	back	chest	-0.9375	0.25	0.25	-0.0625	-0.43749997	-0.81249994	0.0625	-0.0625	0.3125
boat/dark_oak	boat/dark_oak/bottom/0	bottom	chest	0.0	0.1875	0.0625	-0.87499994	0.0	-0.56249994	0.87499994	0.1875	0.43749997
boat/dark_oak	boat/dark_oak/front/0	front	chest	0.9375	0.25	0.0	-0.0625	-0.43749997	-0.49999997	0.0625	-0.0625	0.49999997
boat/dark_oak	boat/dark_oak/left/0	left	chest	0.0	0.25	0.5625	-0.875	-0.4375	-0.0625	0.875	-0.0625	0.0625
boat/dark_oak	boat/dark_oak/left_paddle/0	left_paddle	chest	0.1875	-0.3125	0.5625	-0.085685365	-0.012193143	-0.3125	0.061299086	0.1347913	0.8125
boat/dark_oak	boat/dark_oak/left_paddle/1	left_paddle	chest	0.1875	-0.3125	0.5625	-0.09793981	-0.19610256	0.5	0.036518127	0.18388504	0.9375
boat/dark_oak	boat/dark_oak/right/0	right	chest	0.0	0.25	-0.5625	-0.875	-0.4375	-0.0625	0.875	-0.0625	0.0625
boat/dark_oak	boat/dark_oak/right_paddle/0	right_paddle	chest	0.1875	-0.3125	-0.5625	-0.085685365	-0.012193143	-0.8125	0.061299086	0.1347913	0.3125
boat/dark_oak	boat/dark_oak/right_paddle/1	right_paddle	chest	0.1875	-0.3125	-0.5625	-0.09793981	-0.19610256	-0.9375	0.036518127	0.18388504	-0.5
boat/dark_oak	boat/dark_oak/water_patch/0	water_patch	chest	0.0	-0.1875	0.0625	-0.87499994	0.0	-0.56249994	0.87499994	0.18749999	0.43749997
boat/jungle	boat/jungle/back/0	back	chest	-0.9375	0.25	0.25	-0.0625	-0.43749997	-0.81249994	0.0625	-0.0625	0.3125
boat/jungle	boat/jungle/bottom/0	bottom	chest	0.0	0.1875	0.0625	-0.87499994	0.0	-0.56249994	0.87499994	0.1875	0.43749997
boat/jungle	boat/jungle/front/0	front	chest	0.9375	0.25	0.0	-0.0625	-0.43749997	-0.49999997	0.0625	-0.0625	0.49999997
boat/jungle	boat/jungle/left/0	left	chest	0.0	0.25	0.5625	-0.875	-0.4375	-0.0625	0.875	-0.0625	0.0625
boat/jungle	boat/jungle/left_paddle/0	left_paddle	chest	0.1875	-0.3125	0.5625	-0.085685365	-0.012193143	-0.3125	0.061299086	0.1347913	0.8125
boat/jungle	boat/jungle/left_paddle/1	left_paddle	chest	0.1875	-0.3125	0.5625	-0.09793981	-0.19610256	0.5	0.036518127	0.18388504	0.9375
boat/jungle	boat/jungle/right/0	right	chest	0.0	0.25	-0.5625	-0.875	-0.4375	-0.0625	0.875	-0.0625	0.0625
boat/jungle	boat/jungle/right_paddle/0	right_paddle	chest	0.1875	-0.3125	-0.5625	-0.085685365	-0.012193143	-0.8125	0.061299086	0.1347913	0.3125
boat/jungle	boat/jungle/right_paddle/1	right_paddle	chest	0.1875	-0.3125	-0.5625	-0.09793981	-0.19610256	-0.9375	0.036518127	0.18388504	-0.5
boat/jungle	boat/jungle/water_patch/0	water_patch	chest	0.0	-0.1875	0.0625	-0.87499994	0.0	-0.56249994	0.87499994	0.18749999	0.43749997
boat/mangrove	boat/mangrove/back/0	back	chest	-0.9375	0.25	0.25	-0.0625	-0.43749997	-0.81249994	0.0625	-0.0625	0.3125
boat/mangrove	boat/mangrove/bottom/0	bottom	chest	0.0	0.1875	0.0625	-0.87499994	0.0	-0.56249994	0.87499994	0.1875	0.43749997
boat/mangrove	boat/mangrove/front/0	front	chest	0.9375	0.25	0.0	-0.0625	-0.43749997	-0.49999997	0.0625	-0.0625	0.49999997
boat/mangrove	boat/mangrove/left/0	left	chest	0.0	0.25	0.5625	-0.875	-0.4375	-0.0625	0.875	-0.0625	0.0625
boat/mangrove	boat/mangrove/left_paddle/0	left_paddle	chest	0.1875	-0.3125	0.5625	-0.085685365	-0.012193143	-0.3125	0.061299086	0.1347913	0.8125
boat/mangrove	boat/mangrove/left_paddle/1	left_paddle	chest	0.1875	-0.3125	0.5625	-0.09793981	-0.19610256	0.5	0.036518127	0.18388504	0.9375
boat/mangrove	boat/mangrove/right/0	right	chest	0.0	0.25	-0.5625	-0.875	-0.4375	-0.0625	0.875	-0.0625	0.0625
boat/mangrove	boat/mangrove/right_paddle/0	right_paddle	chest	0.1875	-0.3125	-0.5625	-0.085685365	-0.012193143	-0.8125	0.061299086	0.1347913	0.3125
boat/mangrove	boat/mangrove/right_paddle/1	right_paddle	chest	0.1875	-0.3125	-0.5625	-0.09793981	-0.19610256	-0.9375	0.036518127	0.18388504	-0.5
boat/mangrove	boat/mangrove/water_patch/0	water_patch	chest	0.0	-0.1875	0.0625	-0.87499994	0.0	-0.56249994	0.87499994	0.18749999	0.43749997
boat/oak	boat/oak/back/0	back	chest	-0.9375	0.25	0.25	-0.0625	-0.43749997	-0.81249994	0.0625	-0.0625	0.3125
boat/oak	boat/oak/bottom/0	bottom	chest	0.0	0.1875	0.0625	-0.87499994	0.0	-0.56249994	0.87499994	0.1875	0.43749997
boat/oak	boat/oak/front/0	front	chest	0.9375	0.25	0.0	-0.0625	-0.43749997	-0.49999997	0.0625	-0.0625	0.49999997
boat/oak	boat/oak/left/0	left	chest	0.0	0.25	0.5625	-0.875	-0.4375	-0.0625	0.875	-0.0625	0.0625
boat/oak	boat/oak/left_paddle/0	left_paddle	chest	0.1875	-0.3125	0.5625	-0.085685365	-0.012193143	-0.3125	0.061299086	0.1347913	0.8125
boat/oak	boat/oak/left_paddle/1	left_paddle	chest	0.1875	-0.3125	0.5625	-0.09793981	-0.19610256	0.5	0.036518127	0.18388504	0.9375
boat/oak	boat/oak/right/0	right	chest	0.0	0.25	-0.5625	-0.875	-0.4375	-0.0625	0.875	-0.0625	0.0625
boat/oak	boat/oak/right_paddle/0	right_paddle	chest	0.1875	-0.3125	-0.5625	-0.085685365	-0.012193143	-0.8125	0.061299086	0.1347913	0.3125
boat/oak	boat/oak/right_paddle/1	right_paddle	chest	0.1875	-0.3125	-0.5625	-0.09793981	-0.19610256	-0.9375	0.036518127	0.18388504	-0.5
boat/oak	boat/oak/water_patch/0	water_patch	chest	0.0	-0.1875	0.0625	-0.87499994	0.0	-0.56249994	0.87499994	0.18749999	0.43749997
boat/spruce	boat/spruce/back/0	back	chest	-0.9375	0.25	0.25	-0.0625	-0.43749997	-0.81249994	0.0625	-0.0625	0.3125
boat/spruce	boat/spruce/bottom/0	bottom	chest	0.0	0.1875	0.0625	-0.87499994	0.0	-0.56249994	0.87499994	0.1875	0.43749997
boat/spruce	boat/spruce/front/0	front	chest	0.9375	0.25	0.0	-0.0625	-0.43749997	-0.49999997	0.0625	-0.0625	0.49999997
boat/spruce	boat/spruce/left/0	left	chest	0.0	0.25	0.5625	-0.875	-0.4375	-0.0625	0.875	-0.0625	0.0625
boat/spruce	boat/spruce/left_paddle/0	left_paddle	chest	0.1875	-0.3125	0.5625	-0.085685365	-0.012193143	-0.3125	0.061299086	0.1347913	0.8125
boat/spruce	boat/spruce/left_paddle/1	left_paddle	chest	0.1875	-0.3125	0.5625	-0.09793981	-0.19610256	0.5	0.036518127	0.18388504	0.9375
boat/spruce	boat/spruce/right/0	right	chest	0.0	0.25	-0.5625	-0.875	-0.4375	-0.0625	0.875	-0.0625	0.0625
boat/spruce	boat/spruce/right_paddle/0	right_paddle	chest	0.1875	-0.3125	-0.5625	-0.085685365	-0.012193143	-0.8125	0.061299086	0.1347913	0.3125
boat/spruce	boat/spruce/right_paddle/1	right_paddle	chest	0.1875	-0.3125	-0.5625	-0.09793981	-0.19610256	-0.9375	0.036518127	0.18388504	-0.5
boat/spruce	boat/spruce/water_patch/0	water_patch	chest	0.0	-0.1875	0.0625	-0.87499994	0.0	-0.56249994	0.87499994	0.18749999	0.43749997
bogged	bogged/body/0	body	chest	0.0	0.0	0.0	-0.25	0.0	-0.125	0.25	0.75	0.125
bogged	bogged/hat/0	hat	chest	0.0	0.0	0.0	-0.25	-0.5	-0.25	0.25	0.0	0.25
bogged	bogged/head/0	head	head	0.0	0.0	0.0	-0.25	-0.5	-0.25	0.25	0.0	0.25
bogged	bogged/head/mushrooms/brown_mushroom_1/0	head/mushrooms/brown_mushroom_1	head	-0.1875	-0.5	-0.1875	-0.13258252	-0.1875	-0.13258255	0.13258252	0.0625	0.13258253
bogged	bogged/head/mushrooms/brown_mushroom_2/0	head/mushrooms/brown_mushroom_2	head	-0.1875	-0.5	-0.1875	-0.13258252	-0.1875	-0.13258255	0.13258252	0.0625	0.13258253
bogged	bogged/head/mushrooms/brown_mushroom_3/0	head/mushrooms/brown_mushroom_3	head	-0.125	-0.0625	0.25	-0.13258252	-0.13258252	0.0	0.13258252	0.13258252	0.24999997
bogged	bogged/head/mushrooms/brown_mushroom_4/0	head/mushrooms/brown_mushroom_4	head	-0.125	-0.0625	0.25	-0.13258249	-0.13258253	0.0	0.1325825	0.13258253	0.25
bogged	bogged/head/mushrooms/red_mushroom_1/0	head/mushrooms/red_mushroom_1	head	0.1875	-0.5	0.1875	-0.13258252	-0.1875	-0.13258253	0.13258252	0.0625	0.13258255
bogged	bogged/head/mushrooms/red_mushroom_2/0	head/mushrooms/red_mushroom_2	head	0.1875	-0.5	0.1875	-0.13258252	-0.1875	-0.13258253	0.13258252	0.0625	0.13258255
bogged	bogged/left_arm/0	left_arm	left_arm	0.3125	0.125	0.0	-0.0625	-0.125	-0.0625	0.0625	0.625	0.0625
bogged	bogged/left_leg/0	left_leg	left_leg	0.125	0.75	0.0	-0.0625	0.0	-0.0625	0.0625	0.75	0.0625
bogged	bogged/right_arm/0	right_arm	right_arm	-0.3125	0.125	0.0	-0.0625	-0.125	-0.0625	0.0625	0.625	0.0625
bogged	bogged/right_leg/0	right_leg	right_leg	-0.125	0.75	0.0	-0.0625	0.0	-0.0625	0.0625	0.75	0.0625
book	book/flip_page1/0	flip_page1	chest	0.0	0.0	0.0	0.0	-0.25	0.0	0.3125	0.25	3.125E-4
book	book/flip_page2/0	flip_page2	chest	0.0	0.0	0.0	0.0	-0.25	0.0	0.3125	0.25	3.125E-4
book	book/left_lid/0	left_lid	chest	0.0	0.0	-0.0625	-0.375	-0.3125	-3.124997E-4	0.0	0.3125	0.0
book	book/left_pages/0	left_pages	chest	0.0	0.0	0.0	0.0	-0.25	-0.061875	0.3125	0.25	6.249994E-4
book	book/right_lid/0	right_lid	chest	0.0	0.0	0.0625	0.0	-0.3125	-3.124997E-4	0.375	0.3125	0.0
book	book/right_pages/0	right_pages	chest	0.0	0.0	0.0	0.0	-0.25	-6.25E-4	0.3125	0.25	0.061875
book	book/seam/0	seam	chest	0.0	0.0	0.0	0.0	-0.31249997	-0.062499996	3.1249996E-4	0.31249997	0.062499996
breeze	breeze/body/head/0	body/head	head	0.0	0.25	0.0	-0.3125	-0.3125	-0.2625	0.3125	-0.125	-0.012499988
breeze	breeze/body/head/1	body/head	head	0.0	0.25	0.0	-0.25	-0.5	-0.25	0.25	0.0	0.25
breeze	breeze/body/head/eyes/0	body/head/eyes	head	0.0	0.25	0.0	-0.3125	-0.3125	-0.2625	0.3125	-0.125	-0.012499988
breeze	breeze/body/head/eyes/1	body/head/eyes	head	0.0	0.25	0.0	-0.25	-0.5	-0.25	0.25	0.0	0.25
breeze	breeze/body/rods/rod_1/0	body/rods/rod_1	chest	0.16238125	0.3125	0.09375	-0.14694765	0.023917347	-0.12092443	0.18126981	0.533693	0.14074025
breeze	breeze/body/rods/rod_2/0	body/rods/rod_2	chest	-0.16238125	0.3125	0.09375	-0.18126981	0.023917347	-0.12092443	0.14694765	0.533693	0.14074025
breeze	breeze/body/rods/rod_3/0	body/rods/rod_3	chest	0.0	0.3125	-0.1875	-0.0625	0.023917764	-0.17322734	0.0625	0.5336929	0.1335997
breeze	breeze/wind_body/wind_bottom/0	wind_body/wind_bottom	chest	0.0	1.5	0.0	-0.15625	-0.4375	-0.15625	0.15625	0.0	0.15625
breeze	breeze/wind_body/wind_bottom/wind_mid/0	wind_body/wind_bottom/wind_mid	chest	0.0	1.0625	0.0	-0.375	-0.375	-0.375	0.375	0.0	0.375
breeze	breeze/wind_body/wind_bottom/wind_mid/1	wind_body/wind_bottom/wind_mid	chest	0.0	1.0625	0.0	-0.25	-0.375	-0.25	0.25	0.0	0.25
breeze	breeze/wind_body/wind_bottom/wind_mid/2	wind_body/wind_bottom/wind_mid	chest	0.0	1.0625	0.0	-0.15625	-0.375	-0.15625	0.15625	0.0	0.15625
breeze	breeze/wind_body/wind_bottom/wind_mid/wind_top/0	wind_body/wind_bottom/wind_mid/wind_top	chest	0.0	0.6875	0.0	-0.5625	-0.5	-0.5625	0.5625	0.0	0.5625
breeze	breeze/wind_body/wind_bottom/wind_mid/wind_top/1	wind_body/wind_bottom/wind_mid/wind_top	chest	0.0	0.6875	0.0	-0.375	-0.5	-0.375	0.375	0.0	0.375
breeze	breeze/wind_body/wind_bottom/wind_mid/wind_top/2	wind_body/wind_bottom/wind_mid/wind_top	chest	0.0	0.6875	0.0	-0.15625	-0.5	-0.15625	0.15625	0.0	0.15625
breeze_wind	breeze_wind/body/head/0	body/head	head	0.0	0.25	0.0	-0.3125	-0.3125	-0.2625	0.3125	-0.125	-0.012499988
breeze_wind	breeze_wind/body/head/1	body/head	head	0.0	0.25	0.0	-0.25	-0.5	-0.25	0.25	0.0	0.25
breeze_wind	breeze_wind/body/head/eyes/0	body/head/eyes	head	0.0	0.25	0.0	-0.3125	-0.3125	-0.2625	0.3125	-0.125	-0.012499988
breeze_wind	breeze_wind/body/head/eyes/1	body/head/eyes	head	0.0	0.25	0.0	-0.25	-0.5	-0.25	0.25	0.0	0.25
breeze_wind	breeze_wind/body/rods/rod_1/0	body/rods/rod_1	chest	0.16238125	0.3125	0.09375	-0.14694765	0.023917347	-0.12092443	0.18126981	0.533693	0.14074025
breeze_wind	breeze_wind/body/rods/rod_2/0	body/rods/rod_2	chest	-0.16238125	0.3125	0.09375	-0.18126981	0.023917347	-0.12092443	0.14694765	0.533693	0.14074025
breeze_wind	breeze_wind/body/rods/rod_3/0	body/rods/rod_3	chest	0.0	0.3125	-0.1875	-0.0625	0.023917764	-0.17322734	0.0625	0.5336929	0.1335997
breeze_wind	breeze_wind/wind_body/wind_bottom/0	wind_body/wind_bottom	chest	0.0	1.5	0.0	-0.15625	-0.4375	-0.15625	0.15625	0.0	0.15625
breeze_wind	breeze_wind/wind_body/wind_bottom/wind_mid/0	wind_body/wind_bottom/wind_mid	chest	0.0	1.0625	0.0	-0.375	-0.375	-0.375	0.375	0.0	0.375
breeze_wind	breeze_wind/wind_body/wind_bottom/wind_mid/1	wind_body/wind_bottom/wind_mid	chest	0.0	1.0625	0.0	-0.25	-0.375	-0.25	0.25	0.0	0.25
breeze_wind	breeze_wind/wind_body/wind_bottom/wind_mid/2	wind_body/wind_bottom/wind_mid	chest	0.0	1.0625	0.0	-0.15625	-0.375	-0.15625	0.15625	0.0	0.15625
breeze_wind	breeze_wind/wind_body/wind_bottom/wind_mid/wind_top/0	wind_body/wind_bottom/wind_mid/wind_top	chest	0.0	0.6875	0.0	-0.5625	-0.5	-0.5625	0.5625	0.0	0.5625
breeze_wind	breeze_wind/wind_body/wind_bottom/wind_mid/wind_top/1	wind_body/wind_bottom/wind_mid/wind_top	chest	0.0	0.6875	0.0	-0.375	-0.5	-0.375	0.375	0.0	0.375
breeze_wind	breeze_wind/wind_body/wind_bottom/wind_mid/wind_top/2	wind_body/wind_bottom/wind_mid/wind_top	chest	0.0	0.6875	0.0	-0.15625	-0.5	-0.15625	0.15625	0.0	0.15625
camel	camel/body/0	body	chest	0.0	0.25	0.59375	-0.46875	-0.75	-1.46875	0.46875	0.0	0.21875
camel	camel/body/head/0	body/head	head	0.0	0.0625	-0.625	-0.21875	-0.4375	-0.9375	0.21875	0.0625	0.25
camel	camel/body/head/1	body/head	head	0.0	0.0625	-0.625	-0.21875	-1.3125	-0.9375	0.21875	-0.4375	-0.5
camel	camel/body/head/2	body/head	head	0.0	0.0625	-0.625	-0.15625	-1.3125	-1.3125	0.15625	-1.0	-0.9375
camel	camel/body/head/bridle/0	body/head/bridle	head	0.0	0.0625	-0.625	-0.21875	-0.4375	-0.9375	0.21875	0.0625	0.25
camel	camel/body/head/bridle/1	body/head/bridle	head	0.0	0.0625	-0.625	-0.21875	-1.3125	-0.9375	0.21875	-0.4375	-0.5
camel	camel/body/head/bridle/2	body/head/bridle	head	0.0	0.0625	-0.625	-0.15625	-1.3125	-1.3125	0.15625	-1.0	-0.9375
camel	camel/body/head/bridle/3	body/head/bridle	head	0.0	0.0625	-0.625	0.15625	-1.1875	-1.125	0.21875	-1.0625	-1.0
camel	camel/body/head/bridle/4	body/head/bridle	head	0.0	0.0625	-0.625	-0.21875	-1.1875	-1.125	-0.15625	-1.0625	-1.0
camel	camel/body/head/left_ear/0	body/head/left_ear	head	0.15625	-1.25	-1.21875	-0.03125	0.03125	-0.0625	0.15625	0.09375	0.0625
camel	camel/body/head/reins/0	body/head/reins	head	0.0	0.0625	-0.625	0.219375	-1.125	-1.0625	0.219375	-0.6875	-0.125
camel	camel/body/head/reins/1	body/head/reins	head	0.0	0.0625	-0.625	-0.21875	-1.125	-0.125	0.21875	-0.6875	-0.125
camel	camel/body/head/reins/2	body/head/reins	head	0.0	0.0625	-0.625	-0.219375	-1.125	-1.0625	-0.219375	-0.6875	-0.125
camel	camel/body/head/right_ear/0	body/head/right_ear	head	-0.15625	-1.25	-1.21875	-0.15625	0.03125	-0.0625	0.03125	0.09375	0.0625
camel	camel/body/hump/0	body/hump	chest	0.0	-0.5	-0.03125	-0.28125	-0.3125	-0.34375	0.28125	0.0	0.34375
camel	camel/body/saddle/0	body/saddle	chest	0.0	0.25	0.59375	-0.28125	-1.0625	-0.96875	0.28125	-0.75	-0.28125
camel	camel/body/saddle/1	body/saddle	chest	0.0	0.25	0.59375	-0.21875	-1.25	-0.96875	0.21875	-1.0625	-0.28125
camel	camel/body/saddle/2	body/saddle	chest	0.0	0.25	0.59375	-0.46875	-0.75	-1.46875	0.46875	0.0	0.21875
camel	camel/body/tail/0	body/tail	chest	0.0	-0.3125	0.8125	-0.09375	0.0	0.0	0.09375	0.875	0.0
camel	camel/left_front_leg/0	left_front_leg	left_leg	0.30625	0.0625	-0.65625	-0.15625	0.125	-0.15625	0.15625	1.4375	0.15625
camel	camel/left_hind_leg/0	left_hind_leg	left_leg	0.30625	0.0625	0.59375	-0.15625	0.125	-0.15625	0.15625	1.4375	0.15625
camel	camel/right_front_leg/0	right_front_leg	right_leg	-0.30625	0.0625	-0.65625	-0.15625	0.125	-0.15625	0.15625	1.4375	0.15625
camel	camel/right_hind_leg/0	right_hind_leg	right_leg	-0.30625	0.0625	0.59375	-0.15625	0.125	-0.15625	0.15625	1.4375	0.15625
cat	cat/body/0	body	chest	0.0	0.75	-0.625	-0.12499999	0.125	0.1875	0.12499999	0.5	1.1874999
cat	cat/head/0	head	head	0.0	0.9375	-0.5625	-0.15625	-0.125	-0.1875	0.15625	0.125	0.125
cat	cat/head/1	head	head	0.0	0.9375	-0.5625	-0.09375	-6.252527E-5	-0.25	0.09375	0.124937534	-0.125
cat	cat/head/2	head	head	0.0	0.9375	-0.5625	-0.125	-0.1875	0.0	-0.0625	-0.125	0.125
cat	cat/head/3	head	head	0.0	0.9375	-0.5625	0.0625	-0.1875	0.0	0.125	-0.125	0.125
cat	cat/left_front_leg/0	left_front_leg	left_leg	0.075	0.88125	-0.3125	-0.0625	0.0	0.0	0.0625	0.625	0.125
cat	cat/left_hind_leg/0	left_hind_leg	left_leg	0.06875	1.125	0.3125	-0.0625	0.0	0.0625	0.062499993	0.375	0.1875
cat	cat/right_front_leg/0	right_front_leg	right_leg	-0.075	0.88125	-0.3125	-0.0625	0.0	0.0	0.0625	0.625	0.125
cat	cat/right_hind_leg/0	right_hind_leg	right_leg	-0.06875	1.125	0.3125	-0.062499993	0.0	0.0625	0.0625	0.375	0.1875
cat	cat/tail1/0	tail1	chest	0.0	0.9375	0.5	-0.031249996	-0.048957944	0.0	0.031249996	0.31080496	0.43051404
cat	cat/tail2/0	tail2	chest	0.0	1.25	0.875	-0.03125	0.0	0.0	0.03125	0.5	0.0625
cave_spider	cave_spider/body0/0	body0	chest	0.0	0.9375	0.0	-0.1875	-0.1875	-0.1875	0.1875	0.1875	0.1875
cave_spider	cave_spider/body1/0	body1	chest	0.0	0.9375	0.5625	-0.3125	-0.25	-0.375	0.3125	0.25	0.375
cave_spider	cave_spider/head/0	head	head	0.0	0.9375	-0.1875	-0.25	-0.25	-0.5	0.25	0.25	0.0
cave_spider	cave_spider/left_front_leg/0	left_front_leg	left_leg	0.25	0.9375	-0.0625	-0.0625	-0.0625	-0.0625	0.9375	0.0625	0.0625
cave_spider	cave_spider/left_hind_leg/0	left_hind_leg	left_leg	0.25	0.9375	0.125	-0.0625	-0.0625	-0.0625	0.9375	0.0625	0.0625
cave_spider	cave_spider/left_middle_front_leg/0	left_middle_front_leg	left_leg	0.25	0.9375	0.0	-0.0625	-0.0625	-0.0625	0.9375	0.0625	0.0625
cave_spider	cave_spider/left_middle_hind_leg/0	left_middle_hind_leg	left_leg	0.25	0.9375	0.0625	-0.0625	-0.0625	-0.0625	0.9375	0.0625	0.0625
cave_spider	cave_spider/right_front_leg/0	right_front_leg	right_leg	-0.25	0.9375	-0.0625	-0.9375	-0.0625	-0.0625	0.0625	0.0625	0.0625
cave_spider	cave_spider/right_hind_leg/0	right_hind_leg	right_leg	-0.25	0.9375	0.125	-0.9375	-0.0625	-0.0625	0.0625	0.0625	0.0625
cave_spider	cave_spider/right_middle_front_leg/0	right_middle_front_leg	right_leg	-0.25	0.9375	0.0	-0.9375	-0.0625	-0.0625	0.0625	0.0625	0.0625
cave_spider	cave_spider/right_middle_hind_leg/0	right_middle_hind_leg	right_leg	-0.25	0.9375	0.0625	-0.9375	-0.0625	-0.0625	0.0625	0.0625	0.0625
chest	chest/bottom/0	bottom	chest	0.0	0.0	0.0	0.0625	0.0	0.0625	0.9375	0.625	0.9375
chest	chest/lid/0	lid	chest	0.0	0.5625	0.0625	0.0625	0.0	0.0	0.9375	0.3125	0.875
chest	chest/lock/0	lock	chest	0.0	0.5625	0.0625	0.4375	-0.125	0.875	0.5625	0.125	0.9375
chest_boat/acacia	chest_boat/acacia/back/0	back	chest	-0.9375	0.25	0.25	-0.0625	-0.43749997	-0.81249994	0.0625	-0.0625	0.3125
chest_boat/acacia	chest_boat/acacia/bottom/0	bottom	chest	0.0	0.1875	0.0625	-0.87499994	0.0	-0.56249994	0.87499994	0.1875	0.43749997
chest_boat/acacia	chest_boat/acacia/chest_bottom/0	chest_bottom	chest	-0.125	-0.3125	-0.375	-0.74999994	0.0	0.0	0.0	0.49999997	0.74999994
chest_boat/acacia	chest_boat/acacia/chest_lid/0	chest_lid	chest	-0.125	-0.5625	-0.375	-0.74999994	0.0	0.0	0.0	0.25	0.74999994
chest_boat/acacia	chest_boat/acacia/chest_lock/0	chest_lock	chest	-0.0625	-0.375	-0.0625	-0.0625	0.0	0.0	0.0	0.24999999	0.12499999
chest_boat/acacia	chest_boat/acacia/front/0	front	chest	0.9375	0.25	0.0	-0.0625	-0.43749997	-0.49999997	0.0625	-0.0625	0.49999997
chest_boat/acacia	chest_boat/acacia/left/0	left	chest	0.0	0.25	0.5625	-0.875	-0.4375	-0.0625	0.875	-0.0625	0.0625
chest_boat/acacia	chest_boat/acacia/left_paddle/0	left_paddle	chest	0.1875	-0.3125	0.5625	-0.085685365	-0.012193143	-0.3125	0.061299086	0.1347913	0.8125
chest_boat/acacia	chest_boat/acacia/left_paddle/1	left_paddle	chest	0.1875	-0.3125	0.5625	-0.09793981	-0.19610256	0.5	0.036518127	0.18388504	0.9375
chest_boat/acacia	chest_boat/acacia/right/0	right	chest	0.0	0.25	-0.5625	-0.875	-0.4375	-0.0625	0.875	-0.0625	0.0625
chest_boat/acacia	chest_boat/acacia/right_paddle/0	right_paddle	chest	0.1875	-0.3125	-0.5625	-0.085685365	-0.012193143	-0.8125	0.061299086	0.1347913	0.3125
chest_boat/acacia	chest_boat/acacia/right_paddle/1	right_paddle	chest	0.1875	-0.3125	-0.5625	-0.09793981	-0.19610256	-0.9375	0.036518127	0.18388504	-0.5
chest_boat/acacia	chest_boat/acacia/water_patch/0	water_patch	chest	0.0	-0.1875	0.0625	-0.87499994	0.0	-0.56249994	0.87499994	0.18749999	0.43749997
chest_boat/bamboo	chest_boat/bamboo/bottom/0	bottom	chest	0.0	-0.13125	0.0625	-0.875	-2.1010637E-6	-0.68749994	0.875	0.25000256	0.5625009
chest_boat/bamboo	chest_boat/bamboo/bottom/1	bottom	chest	0.0	-0.13125	0.0625	-0.875	0.24999836	-0.56249905	0.875	0.500002	0.43750185
chest_boat/bamboo	chest_boat/bamboo/chest_bottom/0	chest_bottom	chest	-0.125	-0.63125	-0.375	-0.74999994	0.0	0.0	0.0	0.49999997	0.74999994
chest_boat/bamboo	chest_boat/bamboo/chest_lid/0	chest_lid	chest	-0.125	-0.88125	-0.375	-0.74999994	0.0	0.0	0.0	0.25	0.74999994
chest_boat/bamboo	chest_boat/bamboo/chest_lock/0	chest_lock	chest	-0.0625	-0.69375	-0.0625	-0.0625	0.0	0.0	0.0	0.25	0.12499999
chest_boat/bamboo	chest_boat/bamboo/left_paddle/0	left_paddle	chest	0.1875	-0.25	0.5625	-0.085685365	-0.012193143	-0.3125	0.061299086	0.1347913	0.8125
chest_boat/bamboo	chest_boat/bamboo/left_paddle/1	left_paddle	chest	0.1875	-0.25	0.5625	-0.09793981	-0.19610256	0.5	0.036518127	0.18388504	0.9375
chest_boat/bamboo	chest_boat/bamboo/right_paddle/0	right_paddle	chest	0.1875	-0.25	-0.5625	-0.085685365	-0.012193143	-0.8125	0.061299086	0.1347913	0.3125
chest_boat/bamboo	chest_boat/bamboo/right_paddle/1	right_paddle	chest	0.1875	-0.25	-0.5625	-0.09793981	-0.19610256	-0.9375	0.036518127	0.18388504	-0.5
chest_boat/birch	chest_boat/birch/back/0	back	chest	-0.9375	0.25	0.25	-0.0625	-0.43749997	-0.81249994	0.0625	-0.0625	0.3125
chest_boat/birch	chest_boat/birch/bottom/0	bottom	chest	0.0	0.1875	0.0625	-0.87499994	0.0	-0.56249994	0.87499994	0.1875	0.43749997
chest_boat/birch	chest_boat/birch/chest_bottom/0	chest_bottom	chest	-0.125	-0.3125	-0.375	-0.74999994	0.0	0.0	0.0	0.49999997	0.74999994
chest_boat/birch	chest_boat/birch/chest_lid/0	chest_lid	chest	-0.125	-0.5625	-0.375	-0.74999994	0.0	0.0	0.0	0.25	0.74999994
chest_boat/birch	chest_boat/birch/chest_lock/0	chest_lock	chest	-0.0625	-0.375	-0.0625	-0.0625	0.0	0.0	0.0	0.24999999	0.12499999
chest_boat/birch	chest_boat/birch/front/0	front	chest	0.9375	0.25	0.0	-0.0625	-0.43749997	-0.49999997	0.0625	-0.0625	0.49999997
chest_boat/birch	chest_boat/birch/left/0	left	chest	0.0	0.25	0.5625	-0.875	-0.4375	-0.0625	0.875	-0.0625	0.0625
chest_boat/birch	chest_boat/birch/left_paddle/0	left_paddle	chest	0.1875	-0.3125	0.5625	-0.085685365	-0.012193143	-0.3125	0.061299086	0.1347913	0.8125
chest_boat/birch	chest_boat/birch/left_paddle/1	left_paddle	chest	0.1875	-0.3125	0.5625	-0.09793981	-0.19610256	0.5	0.036518127	0.18388504	0.9375
chest_boat/birch	chest_boat/birch/right/0	right	chest	0.0	0.25	-0.5625	-0.875	-0.4375	-0.0625	0.875	-0.0625	0.0625
chest_boat/birch	chest_boat/birch/right_paddle/0	right_paddle	chest	0.1875	-0.3125	-0.5625	-0.085685365	-0.012193143	-0.8125	0.061299086	0.1347913	0.3125
chest_boat/birch	chest_boat/birch/right_paddle/1	right_paddle	chest	0.1875	-0.3125	-0.5625	-0.09793981	-0.19610256	-0.9375	0.036518127	0.18388504	-0.5
chest_boat/birch	chest_boat/birch/water_patch/0	water_patch	chest	0.0	-0.1875	0.0625	-0.87499994	0.0	-0.56249994	0.87499994	0.18749999	0.43749997
chest_boat/cherry	chest_boat/cherry/back/0	back	chest	-0.9375	0.25	0.25	-0.0625	-0.43749997	-0.81249994	0.0625	-0.0625	0.3125
chest_boat/cherry	chest_boat/cherry/bottom/0	bottom	chest	0.0	0.1875	0.0625	-0.87499994	0.0	-0.56249994	0.87499994	0.1875	0.43749997
chest_boat/cherry	chest_boat/cherry/chest_bottom/0	chest_bottom	chest	-0.125	-0.3125	-0.375	-0.74999994	0.0	0.0	0.0	0.49999997	0.74999994
chest_boat/cherry	chest_boat/cherry/chest_lid/0	chest_lid	chest	-0.125	-0.5625	-0.375	-0.74999994	0.0	0.0	0.0	0.25	0.74999994
chest_boat/cherry	chest_boat/cherry/chest_lock/0	chest_lock	chest	-0.0625	-0.375	-0.0625	-0.0625	0.0	0.0	0.0	0.24999999	0.12499999
chest_boat/cherry	chest_boat/cherry/front/0	front	chest	0.9375	0.25	0.0	-0.0625	-0.43749997	-0.49999997	0.0625	-0.0625	0.49999997
chest_boat/cherry	chest_boat/cherry/left/0	left	chest	0.0	0.25	0.5625	-0.875	-0.4375	-0.0625	0.875	-0.0625	0.0625
chest_boat/cherry	chest_boat/cherry/left_paddle/0	left_paddle	chest	0.1875	-0.3125	0.5625	-0.085685365	-0.012193143	-0.3125	0.061299086	0.1347913	0.8125
chest_boat/cherry	chest_boat/cherry/left_paddle/1	left_paddle	chest	0.1875	-0.3125	0.5625	-0.09793981	-0.19610256	0.5	0.036518127	0.18388504	0.9375
chest_boat/cherry	chest_boat/cherry/right/0	right	chest	0.0	0.25	-0.5625	-0.875	-0.4375	-0.0625	0.875	-0.0625	0.0625
chest_boat/cherry	chest_boat/cherry/right_paddle/0	right_paddle	chest	0.1875	-0.3125	-0.5625	-0.085685365	-0.012193143	-0.8125	0.061299086	0.1347913	0.3125
chest_boat/cherry	chest_boat/cherry/right_paddle/1	right_paddle	chest	0.1875	-0.3125	-0.5625	-0.09793981	-0.19610256	-0.9375	0.036518127	0.18388504	-0.5
chest_boat/cherry	chest_boat/cherry/water_patch/0	water_patch	chest	0.0	-0.1875	0.0625	-0.87499994	0.0	-0.56249994	0.87499994	0.18749999	0.43749997
chest_boat/dark_oak	chest_boat/dark_oak/back/0	back	chest	-0.9375	0.25	0.25	-0.0625	-0.43749997	-0.81249994	0.0625	-0.0625	0.3125
chest_boat/dark_oak	chest_boat/dark_oak/bottom/0	bottom	chest	0.0	0.1875	0.0625	-0.87499994	0.0	-0.56249994	0.87499994	0.1875	0.43749997
chest_boat/dark_oak	chest_boat/dark_oak/chest_bottom/0	chest_bottom	chest	-0.125	-0.3125	-0.375	-0.74999994	0.0	0.0	0.0	0.49999997	0.74999994
chest_boat/dark_oak	chest_boat/dark_oak/chest_lid/0	chest_lid	chest	-0.125	-0.5625	-0.375	-0.74999994	0.0	0.0	0.0	0.25	0.74999994
chest_boat/dark_oak	chest_boat/dark_oak/chest_lock/0	chest_lock	chest	-0.0625	-0.375	-0.0625	-0.0625	0.0	0.0	0.0	0.24999999	0.12499999
chest_boat/dark_oak	chest_boat/dark_oak/front/0	front	chest	0.9375	0.25	0.0	-0.0625	-0.43749997	-0.49999997	0.0625	-0.0625	0.49999997
chest_boat/dark_oak	chest_boat/dark_oak/left/0	left	chest	0.0	0.25	0.5625	-0.875	-0.4375	-0.0625	0.875	-0.0625	0.0625
chest_boat/dark_oak	chest_boat/dark_oak/left_paddle/0	left_paddle	chest	0.1875	-0.3125	0.5625	-0.085685365	-0.012193143	-0.3125	0.061299086	0.1347913	0.8125
chest_boat/dark_oak	chest_boat/dark_oak/left_paddle/1	left_paddle	chest	0.1875	-0.3125	0.5625	-0.09793981	-0.19610256	0.5	0.036518127	0.18388504	0.9375
chest_boat/dark_oak	chest_boat/dark_oak/right/0	right	chest	0.0	0.25	-0.5625	-0.875	-0.4375	-0.0625	0.875	-0.0625	0.0625
chest_boat/dark_oak	chest_boat/dark_oak/right_paddle/0	right_paddle	chest	0.1875	-0.3125	-0.5625	-0.085685365	-0.012193143	-0.8125	0.061299086	0.1347913	0.3125
chest_boat/dark_oak	chest_boat/dark_oak/right_paddle/1	right_paddle	chest	0.1875	-0.3125	-0.5625	-0.09793981	-0.19610256	-0.9375	0.036518127	0.18388504	-0.5
chest_boat/dark_oak	chest_boat/dark_oak/water_patch/0	water_patch	chest	0.0	-0.1875	0.0625	-0.87499994	0.0	-0.56249994	0.87499994	0.18749999	0.43749997
chest_boat/jungle	chest_boat/jungle/back/0	back	chest	-0.9375	0.25	0.25	-0.0625	-0.43749997	-0.81249994	0.0625	-0.0625	0.3125
chest_boat/jungle	chest_boat/jungle/bottom/0	bottom	chest	0.0	0.1875	0.0625	-0.87499994	0.0	-0.56249994	0.87499994	0.1875	0.43749997
chest_boat/jungle	chest_boat/jungle/chest_bottom/0	chest_bottom	chest	-0.125	-0.3125	-0.375	-0.74999994	0.0	0.0	0.0	0.49999997	0.74999994
chest_boat/jungle	chest_boat/jungle/chest_lid/0	chest_lid	chest	-0.125	-0.5625	-0.375	-0.74999994	0.0	0.0	0.0	0.25	0.74999994
chest_boat/jungle	chest_boat/jungle/chest_lock/0	chest_lock	chest	-0.0625	-0.375	-0.0625	-0.0625	0.0	0.0	0.0	0.24999999	0.12499999
chest_boat/jungle	chest_boat/jungle/front/0	front	chest	0.9375	0.25	0.0	-0.0625	-0.43749997	-0.49999997	0.0625	-0.0625	0.49999997
chest_boat/jungle	chest_boat/jungle/left/0	left	chest	0.0	0.25	0.5625	-0.875	-0.4375	-0.0625	0.875	-0.0625	0.0625
chest_boat/jungle	chest_boat/jungle/left_paddle/0	left_paddle	chest	0.1875	-0.3125	0.5625	-0.085685365	-0.012193143	-0.3125	0.061299086	0.1347913	0.8125
chest_boat/jungle	chest_boat/jungle/left_paddle/1	left_paddle	chest	0.1875	-0.3125	0.5625	-0.09793981	-0.19610256	0.5	0.036518127	0.18388504	0.9375
chest_boat/jungle	chest_boat/jungle/right/0	right	chest	0.0	0.25	-0.5625	-0.875	-0.4375	-0.0625	0.875	-0.0625	0.0625
chest_boat/jungle	chest_boat/jungle/right_paddle/0	right_paddle	chest	0.1875	-0.3125	-0.5625	-0.085685365	-0.012193143	-0.8125	0.061299086	0.1347913	0.3125
chest_boat/jungle	chest_boat/jungle/right_paddle/1	right_paddle	chest	0.1875	-0.3125	-0.5625	-0.09793981	-0.19610256	-0.9375	0.036518127	0.18388504	-0.5
chest_boat/jungle	chest_boat/jungle/water_patch/0	water_patch	chest	0.0	-0.1875	0.0625	-0.87499994	0.0	-0.56249994	0.87499994	0.18749999	0.43749997
chest_boat/mangrove	chest_boat/mangrove/back/0	back	chest	-0.9375	0.25	0.25	-0.0625	-0.43749997	-0.81249994	0.0625	-0.0625	0.3125
chest_boat/mangrove	chest_boat/mangrove/bottom/0	bottom	chest	0.0	0.1875	0.0625	-0.87499994	0.0	-0.56249994	0.87499994	0.1875	0.43749997
chest_boat/mangrove	chest_boat/mangrove/chest_bottom/0	chest_bottom	chest	-0.125	-0.3125	-0.375	-0.74999994	0.0	0.0	0.0	0.49999997	0.74999994
chest_boat/mangrove	chest_boat/mangrove/chest_lid/0	chest_lid	chest	-0.125	-0.5625	-0.375	-0.74999994	0.0	0.0	0.0	0.25	0.74999994
chest_boat/mangrove	chest_boat/mangrove/chest_lock/0	chest_lock	chest	-0.0625	-0.375	-0.0625	-0.0625	0.0	0.0	0.0	0.24999999	0.12499999
chest_boat/mangrove	chest_boat/mangrove/front/0	front	chest	0.9375	0.25	0.0	-0.0625	-0.43749997	-0.49999997	0.0625	-0.0625	0.49999997
chest_boat/mangrove	chest_boat/mangrove/left/0	left	chest	0.0	0.25	0.5625	-0.875	-0.4375	-0.0625	0.875	-0.0625	0.0625
chest_boat/mangrove	chest_boat/mangrove/left_paddle/0	left_paddle	chest	0.1875	-0.3125	0.5625	-0.085685365	-0.012193143	-0.3125	0.061299086	0.1347913	0.8125
chest_boat/mangrove	chest_boat/mangrove/left_paddle/1	left_paddle	chest	0.1875	-0.3125	0.5625	-0.09793981	-0.19610256	0.5	0.036518127	0.18388504	0.9375
chest_boat/mangrove	chest_boat/mangrove/right/0	right	chest	0.0	0.25	-0.5625	-0.875	-0.4375	-0.0625	0.875	-0.0625	0.0625
chest_boat/mangrove	chest_boat/mangrove/right_paddle/0	right_paddle	chest	0.1875	-0.3125	-0.5625	-0.085685365	-0.012193143	-0.8125	0.061299086	0.1347913	0.3125
chest_boat/mangrove	chest_boat/mangrove/right_paddle/1	right_paddle	chest	0.1875	-0.3125	-0.5625	-0.09793981	-0.19610256	-0.9375	0.036518127	0.18388504	-0.5
chest_boat/mangrove	chest_boat/mangrove/water_patch/0	water_patch	chest	0.0	-0.1875	0.0625	-0.87499994	0.0	-0.56249994	0.87499994	0.18749999	0.43749997
chest_boat/oak	chest_boat/oak/back/0	back	chest	-0.9375	0.25	0.25	-0.0625	-0.43749997	-0.81249994	0.0625	-0.0625	0.3125
chest_boat/oak	chest_boat/oak/bottom/0	bottom	chest	0.0	0.1875	0.0625	-0.87499994	0.0	-0.56249994	0.87499994	0.1875	0.43749997
chest_boat/oak	chest_boat/oak/chest_bottom/0	chest_bottom	chest	-0.125	-0.3125	-0.375	-0.74999994	0.0	0.0	0.0	0.49999997	0.74999994
chest_boat/oak	chest_boat/oak/chest_lid/0	chest_lid	chest	-0.125	-0.5625	-0.375	-0.74999994	0.0	0.0	0.0	0.25	0.74999994
chest_boat/oak	chest_boat/oak/chest_lock/0	chest_lock	chest	-0.0625	-0.375	-0.0625	-0.0625	0.0	0.0	0.0	0.24999999	0.12499999
chest_boat/oak	chest_boat/oak/front/0	front	chest	0.9375	0.25	0.0	-0.0625	-0.43749997	-0.49999997	0.0625	-0.0625	0.49999997
chest_boat/oak	chest_boat/oak/left/0	left	chest	0.0	0.25	0.5625	-0.875	-0.4375	-0.0625	0.875	-0.0625	0.0625
chest_boat/oak	chest_boat/oak/left_paddle/0	left_paddle	chest	0.1875	-0.3125	0.5625	-0.085685365	-0.012193143	-0.3125	0.061299086	0.1347913	0.8125
chest_boat/oak	chest_boat/oak/left_paddle/1	left_paddle	chest	0.1875	-0.3125	0.5625	-0.09793981	-0.19610256	0.5	0.036518127	0.18388504	0.9375
chest_boat/oak	chest_boat/oak/right/0	right	chest	0.0	0.25	-0.5625	-0.875	-0.4375	-0.0625	0.875	-0.0625	0.0625
chest_boat/oak	chest_boat/oak/right_paddle/0	right_paddle	chest	0.1875	-0.3125	-0.5625	-0.085685365	-0.012193143	-0.8125	0.061299086	0.1347913	0.3125
chest_boat/oak	chest_boat/oak/right_paddle/1	right_paddle	chest	0.1875	-0.3125	-0.5625	-0.09793981	-0.19610256	-0.9375	0.036518127	0.18388504	-0.5
chest_boat/oak	chest_boat/oak/water_patch/0	water_patch	chest	0.0	-0.1875	0.0625	-0.87499994	0.0	-0.56249994	0.87499994	0.18749999	0.43749997
chest_boat/spruce	chest_boat/spruce/back/0	back	chest	-0.9375	0.25	0.25	-0.0625	-0.43749997	-0.81249994	0.0625	-0.0625	0.3125
chest_boat/spruce	chest_boat/spruce/bottom/0	bottom	chest	0.0	0.1875	0.0625	-0.87499994	0.0	-0.56249994	0.87499994	0.1875	0.43749997
chest_boat/spruce	chest_boat/spruce/chest_bottom/0	chest_bottom	chest	-0.125	-0.3125	-0.375	-0.74999994	0.0	0.0	0.0	0.49999997	0.74999994
chest_boat/spruce	chest_boat/spruce/chest_lid/0	chest_lid	chest	-0.125	-0.5625	-0.375	-0.74999994	0.0	0.0	0.0	0.25	0.74999994
chest_boat/spruce	chest_boat/spruce/chest_lock/0	chest_lock	chest	-0.0625	-0.375	-0.0625	-0.0625	0.0	0.0	0.0	0.24999999	0.12499999
chest_boat/spruce	chest_boat/spruce/front/0	front	chest	0.9375	0.25	0.0	-0.0625	-0.43749997	-0.49999997	0.0625	-0.0625	0.49999997
chest_boat/spruce	chest_boat/spruce/left/0	left	chest	0.0	0.25	0.5625	-0.875	-0.4375	-0.0625	0.875	-0.0625	0.0625
chest_boat/spruce	chest_boat/spruce/left_paddle/0	left_paddle	chest	0.1875	-0.3125	0.5625	-0.085685365	-0.012193143	-0.3125	0.061299086	0.1347913	0.8125
chest_boat/spruce	chest_boat/spruce/left_paddle/1	left_paddle	chest	0.1875	-0.3125	0.5625	-0.09793981	-0.19610256	0.5	0.036518127	0.18388504	0.9375
chest_boat/spruce	chest_boat/spruce/right/0	right	chest	0.0	0.25	-0.5625	-0.875	-0.4375	-0.0625	0.875	-0.0625	0.0625
chest_boat/spruce	chest_boat/spruce/right_paddle/0	right_paddle	chest	0.1875	-0.3125	-0.5625	-0.085685365	-0.012193143	-0.8125	0.061299086	0.1347913	0.3125
chest_boat/spruce	chest_boat/spruce/right_paddle/1	right_paddle	chest	0.1875	-0.3125	-0.5625	-0.09793981	-0.19610256	-0.9375	0.036518127	0.18388504	-0.5
chest_boat/spruce	chest_boat/spruce/water_patch/0	water_patch	chest	0.0	-0.1875	0.0625	-0.87499994	0.0	-0.56249994	0.87499994	0.18749999	0.43749997
chest_minecart	chest_minecart/back/0	back	chest	0.5625	0.25	0.0	-0.0625	-0.56249994	-0.49999997	0.0625	-0.0625	0.49999997
chest_minecart	chest_minecart/bottom/0	bottom	chest	0.0	0.25	0.0	-0.62499994	-0.0625	-0.49999997	0.62499994	0.0625	0.49999997
chest_minecart	chest_minecart/front/0	front	chest	-0.5625	0.25	0.0	-0.0625	-0.56249994	-0.49999997	0.0625	-0.0625	0.49999997
chest_minecart	chest_minecart/left/0	left	chest	0.0	0.25	-0.4375	-0.5	-0.5625	-0.0625	0.5	-0.0625	0.0625
chest_minecart	chest_minecart/right/0	right	chest	0.0	0.25	0.4375	-0.5	-0.5625	-0.0625	0.5	-0.0625	0.0625
chicken	chicken/beak/0	beak	head	0.0	0.9375	-0.25	-0.125	-0.25	-0.25	0.125	-0.125	-0.125
chicken	chicken/body/0	body	chest	0.0	1.0	0.0	-0.18749999	-0.1875	-0.24999999	0.18749999	0.1875	0.24999999
chicken	chicken/head/0	head	head	0.0	0.9375	-0.25	-0.125	-0.375	-0.125	0.125	0.0	0.0625
chicken	chicken/left_leg/0	left_leg	left_leg	0.0625	1.1875	0.0625	-0.0625	0.0	-0.1875	0.125	0.3125	0.0
chicken	chicken/left_wing/0	left_wing	left_arm	0.25	0.8125	0.0	-0.0625	0.0	-0.1875	0.0	0.25	0.1875
chicken	chicken/red_thing/0	red_thing	chest	0.0	0.9375	-0.25	-0.0625	-0.125	-0.1875	0.0625	0.0	-0.0625
chicken	chicken/right_leg/0	right_leg	right_leg	-0.125	1.1875	0.0625	-0.0625	0.0	-0.1875	0.125	0.3125	0.0
chicken	chicken/right_wing/0	right_wing	right_arm	-0.25	0.8125	0.0	0.0	0.0	-0.1875	0.0625	0.25	0.1875
cod	cod/body/0	body	chest	0.0	1.375	0.0	-0.0625	-0.125	0.0	0.0625	0.125	0.4375
cod	cod/head/0	head	head	0.0	1.375	0.0	-0.0625	-0.125	-0.1875	0.0625	0.125	0.0
cod	cod/left_fin/0	left_fin	chest	0.0625	1.4375	0.0	0.0	0.0	-0.0625	0.08838834	0.088388324	0.0625
cod	cod/nose/0	nose	head	0.0	1.375	-0.1875	-0.0625	-0.125	-0.0625	0.0625	0.0625	0.0
cod	cod/right_fin/0	right_fin	chest	-0.0625	1.4375	0.0	-0.08838834	0.0	-0.0625	0.0	0.088388324	0.0625
cod	cod/tail_fin/0	tail_fin	chest	0.0	1.375	0.4375	0.0	-0.125	0.0	0.0	0.125	0.25
cod	cod/top_fin/0	top_fin	chest	0.0	1.25	0.0	0.0	-0.0625	-0.0625	0.0	0.0	0.3125
command_block_minecart	command_block_minecart/back/0	back	chest	0.5625	0.25	0.0	-0.0625	-0.56249994	-0.49999997	0.0625	-0.0625	0.49999997
command_block_minecart	command_block_minecart/bottom/0	bottom	chest	0.0	0.25	0.0	-0.62499994	-0.0625	-0.49999997	0.62499994	0.0625	0.49999997
command_block_minecart	command_block_minecart/front/0	front	chest	-0.5625	0.25	0.0	-0.0625	-0.56249994	-0.49999997	0.0625	-0.0625	0.49999997
command_block_minecart	command_block_minecart/left/0	left	chest	0.0	0.25	-0.4375	-0.5	-0.5625	-0.0625	0.5	-0.0625	0.0625
command_block_minecart	command_block_minecart/right/0	right	chest	0.0	0.25	0.4375	-0.5	-0.5625	-0.0625	0.5	-0.0625	0.0625
cow	cow/body/0	body	chest	0.0	0.3125	0.125	-0.37499997	-0.18749999	-0.62499994	0.37499997	0.4375	0.5
cow	cow/body/1	body	chest	0.0	0.3125	0.125	-0.12499999	0.4375	0.125	0.12499999	0.5	0.5
cow	cow/head/0	head	head	0.0	0.25	-0.5	-0.25	-0.25	-0.375	0.25	0.25	0.0
cow	cow/head/1	head	head	0.0	0.25	-0.5	-0.3125	-0.3125	-0.25	-0.25	-0.125	-0.1875
cow	cow/head/2	head	head	0.0	0.25	-0.5	0.25	-0.3125	-0.25	0.3125	-0.125	-0.1875
cow	cow/left_front_leg/0	left_front_leg	left_leg	0.25	0.75	-0.375	-0.125	0.0	-0.125	0.125	0.75	0.125
cow	cow/left_hind_leg/0	left_hind_leg	left_leg	0.25	0.75	0.4375	-0.125	0.0	-0.125	0.125	0.75	0.125
cow	cow/right_front_leg/0	right_front_leg	right_leg	-0.25	0.75	-0.375	-0.125	0.0	-0.125	0.125	0.75	0.125
cow	cow/right_hind_leg/0	right_hind_leg	right_leg	-0.25	0.75	0.4375	-0.125	0.0	-0.125	0.125	0.75	0.125
creeper	creeper/body/0	body	chest	0.0	0.375	0.0	-0.25	0.0	-0.125	0.25	0.75	0.125
creeper	creeper/head/0	head	head	0.0	0.375	0.0	-0.25	-0.5	-0.25	0.25	0.0	0.25
creeper	creeper/left_front_leg/0	left_front_leg	left_leg	0.125	1.125	-0.25	-0.125	0.0	-0.125	0.125	0.375	0.125
creeper	creeper/left_hind_leg/0	left_hind_leg	left_leg	0.125	1.125	0.25	-0.125	0.0	-0.125	0.125	0.375	0.125
creeper	creeper/right_front_leg/0	right_front_leg	right_leg	-0.125	1.125	-0.25	-0.125	0.0	-0.125	0.125	0.375	0.125
creeper	creeper/right_hind_leg/0	right_hind_leg	right_leg	-0.125	1.125	0.25	-0.125	0.0	-0.125	0.125	0.375	0.125
creeper_head	creeper_head/head/0	head	head	0.0	0.0	0.0	-0.25	-0.5	-0.25	0.25	0.0	0.25
decorated_pot_base	decorated_pot_base/bottom/0	bottom	chest	0.0625	0.0	0.0625	0.0	0.0	0.0	0.875	0.0	0.875
decorated_pot_base	decorated_pot_base/neck/0	neck	head	0.0	2.3125	1.0	0.25	-1.25	-0.75	0.75	-1.0625	-0.25
decorated_pot_base	decorated_pot_base/neck/1	neck	head	0.0	2.3125	1.0	0.3125	-1.3125	-0.6875	0.6875	-1.25	-0.3125
decorated_pot_base	decorated_pot_base/top/0	top	chest	0.0625	1.0	0.0625	0.0	0.0	0.0	0.875	0.0	0.875
decorated_pot_sides	decorated_pot_sides/back/0	back	chest	0.9375	1.0	0.0625	-0.875	-1.0	0.0	0.0	0.0	0.0
decorated_pot_sides	decorated_pot_sides/front/0	front	chest	0.0625	1.0	0.9375	0.0	-1.0	0.0	0.875	0.0	0.0
decorated_pot_sides	decorated_pot_sides/left/0	left	chest	0.0625	1.0	0.0625	0.0	-0.99999994	0.0	0.0	0.0	0.87499994
decorated_pot_sides	decorated_pot_sides/right/0	right	chest	0.9375	1.0	0.9375	0.0	-0.99999994	-0.87499994	0.0	0.0	0.0
dolphin	dolphin/body/0	body	chest	0.0	1.375	-0.3125	-0.25	-0.4375	0.0	0.25	0.0	0.8125
dolphin	dolphin/body/back_fin/0	body/back_fin	chest	0.0	1.375	-0.3125	-0.03125	-0.70364565	0.25	0.03125	-0.30801272	0.62275636
dolphin	dolphin/body/head/0	body/head	head	0.0	1.125	-0.5	-0.25	-0.1875	-0.1875	0.25	0.25	0.1875
dolphin	dolphin/body/head/nose/0	body/head/nose	head	0.0	1.125	-0.5	-0.0625	0.125	-0.4375	0.0625	0.25	-0.1875
dolphin	dolphin/body/left_fin/0	body/left_fin	chest	0.125	1.25	-0.0625	-0.015625	-0.02706325	-0.21650636	0.45200312	0.27900636	0.21874997
dolphin	dolphin/body/right_fin/0	body/right_fin	chest	-0.125	1.25	-0.0625	-0.45200312	-0.02706325	-0.21650636	0.015625	0.27900636	0.21874997
dolphin	dolphin/body/tail/0	body/tail	chest	0.0	1.21875	0.375	-0.125	-0.15539408	-0.016332567	0.125	0.22725737	0.7000663
dolphin	dolphin/body/tail/tail_fin/0	body/tail/tail_fin	chest	0.0	1.2775472	0.93441856	-0.3125	-0.031078815	-0.0032665133	0.3125	0.070276976	0.37621224
donkey	donkey/body/0	body	chest	0.0	0.6875	0.3125	-0.3125	-0.5	-1.0625	0.3125	0.125	0.3125
donkey	donkey/body/left_chest/0	body/left_chest	chest	0.375	0.1875	0.3125	-0.0625	0.0	-0.24999999	0.125	0.5	0.25
donkey	donkey/body/right_chest/0	body/right_chest	chest	-0.375	0.1875	0.3125	-0.125	0.0	-0.24999999	0.0625	0.5	0.25
donkey	donkey/body/saddle/0	body/saddle	chest	0.0	0.6875	0.3125	-0.3125	-0.5	-0.5625	0.3125	0.0625	0.0
donkey	donkey/body/tail/0	body/tail	chest	0.0	0.375	0.4375	-0.09374999	-0.125	0.0	0.09374999	0.7577722	0.65400636
donkey	donkey/head_parts/0	head_parts	head	0.0	0.25	-0.75	-0.12812498	-0.4810095	-0.29575324	0.121874996	0.38725948	0.45813292
donkey	donkey/head_parts/head/0	head_parts/head	head	0.0	0.25	-0.75	-0.18749999	-0.75164247	-0.45200324	0.18749999	-0.2622595	0.08313292
donkey	donkey/head_parts/head/left_ear/0	head_parts/head/left_ear	head	0.07812499	-0.41626585	-0.84599364	-0.060370367	-0.35461473	-0.31024766	0.17393205	0.014008999	0.052557886
donkey	donkey/head_parts/head/right_ear/0	head_parts/head/right_ear	head	-0.07812499	-0.41626585	-0.84599364	-0.17393205	-0.35461473	-0.31024766	0.060370367	0.014008999	0.052557886
donkey	donkey/head_parts/head_saddle/0	head_parts/head_saddle	head	0.0	0.25	-0.75	-0.18749999	-0.7235175	-0.44659054	0.18749999	-0.26538453	0.034419
donkey	donkey/head_parts/left_saddle_line/0	head_parts/left_saddle_line	head	0.0	0.25	-0.75	0.19374996	-0.375	-0.5	0.19374996	-0.1875	0.5
donkey	donkey/head_parts/left_saddle_mouth/0	head_parts/left_saddle_mouth	head	0.0	0.25	-0.75	0.12499999	-0.36213928	-0.6060095	0.18749999	-0.1913861	-0.43525636
donkey	donkey/head_parts/mane/0	head_parts/mane	head	0.0	0.25	-0.75	-0.062499996	-0.814455	-0.07257581	0.062499996	0.114070415	0.5356774
donkey	donkey/head_parts/mouth_saddle_wrap/0	head_parts/mouth_saddle_wrap	head	0.0	0.25	-0.75	-0.12499999	-0.53289247	-0.56025636	0.12499999	-0.19975951	-0.29575324
donkey	donkey/head_parts/right_saddle_line/0	head_parts/right_saddle_line	head	0.0	0.25	-0.75	-0.19374996	-0.375	-0.5	-0.19374996	-0.1875	0.5
donkey	donkey/head_parts/right_saddle_mouth/0	head_parts/right_saddle_mouth	head	0.0	0.25	-0.75	-0.18749999	-0.36213928	-0.6060095	-0.12499999	-0.1913861	-0.43525636
donkey	donkey/head_parts/upper_mouth/0	head_parts/upper_mouth	head	0.0	0.25	-0.75	-0.12499999	-0.53289247	-0.7226361	0.12499999	-0.10600951	-0.29575324
donkey	donkey/left_front_baby_leg/0	left_front_baby_leg	left_leg	0.25	0.875	-0.75	-0.1875	-0.063125014	-0.118749976	0.0625	0.624375	0.13125002
donkey	donkey/left_front_leg/0	left_front_leg	left_leg	0.25	0.875	-0.75	-0.1875	-0.063125014	-0.118749976	0.0625	0.624375	0.13125002
donkey	donkey/left_hind_baby_leg/0	left_hind_baby_leg	left_leg	0.25	0.875	0.4375	-0.1875	-0.063125014	-0.0625	0.0625	0.624375	0.1875
donkey	donkey/left_hind_leg/0	left_hind_leg	left_leg	0.25	0.875	0.4375	-0.1875	-0.063125014	-0.0625	0.0625	0.624375	0.1875
donkey	donkey/right_front_baby_leg/0	right_front_baby_leg	right_leg	-0.25	0.875	-0.75	-0.0625	-0.063125014	-0.118749976	0.1875	0.624375	0.13125002
donkey	donkey/right_front_leg/0	right_front_leg	right_leg	-0.25	0.875	-0.75	-0.0625	-0.063125014	-0.118749976	0.1875	0.624375	0.13125002
donkey	donkey/right_hind_baby_leg/0	right_hind_baby_leg	right_leg	-0.25	0.875	0.4375	-0.0625	-0.063125014	-0.0625	0.1875	0.624375	0.1875
donkey	donkey/right_hind_leg/0	right_hind_leg	right_leg	-0.25	0.875	0.4375	-0.0625	-0.063125014	-0.0625	0.1875	0.624375	0.1875
double_chest_left	double_chest_left/bottom/0	bottom	chest	0.0	0.0	0.0	0.0	0.0	0.0625	0.9375	0.625	0.9375
double_chest_left	double_chest_left/lid/0	lid	chest	0.0	0.5625	0.0625	0.0	0.0	0.0	0.9375	0.3125	0.875
double_chest_left	double_chest_left/lock/0	lock	chest	0.0	0.5625	0.0625	0.0	-0.125	0.875	0.0625	0.125	0.9375
double_chest_right	double_chest_right/bottom/0	bottom	chest	0.0	0.0	0.0	0.0625	0.0	0.0625	1.0	0.625	0.9375
double_chest_right	double_chest_right/lid/0	lid	chest	0.0	0.5625	0.0625	0.0625	0.0	0.0	1.0	0.3125	0.875
double_chest_right	double_chest_right/lock/0	lock	chest	0.0	0.5625	0.0625	0.9375	-0.125	0.875	1.0	0.125	0.9375
dragon_skull	dragon_skull/head/0	head	head	0.0	0.0	0.0	-0.375	-0.0625	-1.5	0.375	0.25	-0.5
dragon_skull	dragon_skull/head/1	head	head	0.0	0.0	0.0	-0.5	-0.5	-0.625	0.5	0.5	0.375
dragon_skull	dragon_skull/head/2	head	head	0.0	0.0	0.0	-0.3125	-0.75	-0.25	-0.1875	-0.5	0.125
dragon_skull	dragon_skull/head/3	head	head	0.0	0.0	0.0	-0.3125	-0.1875	-1.375	-0.1875	-0.0625	-1.125
dragon_skull	dragon_skull/head/4	head	head	0.0	0.0	0.0	0.1875	-0.75	-0.25	0.3125	-0.5	0.125
dragon_skull	dragon_skull/head/5	head	head	0.0	0.0	0.0	0.1875	-0.1875	-1.375	0.3125	-0.0625	-1.125
dragon_skull	dragon_skull/head/jaw/0	head/jaw	head	0.0	0.25	-0.5	-0.375	0.0	-1.0	0.375	0.25	0.0
drowned	drowned/body/0	body	chest	0.0	0.0	0.0	-0.25	0.0	-0.125	0.25	0.75	0.125
drowned	drowned/hat/0	hat	chest	0.0	0.0	0.0	-0.25	-0.5	-0.25	0.25	0.0	0.25
drowned	drowned/head/0	head	head	0.0	0.0	0.0	-0.25	-0.5	-0.25	0.25	0.0	0.25
drowned	drowned/left_arm/0	left_arm	left_arm	0.3125	0.125	0.0	-0.0625	-0.125	-0.125	0.1875	0.625	0.125
drowned	drowned/left_leg/0	left_leg	left_leg	0.11875	0.75	0.0	-0.125	0.0	-0.125	0.125	0.75	0.125
drowned	drowned/right_arm/0	right_arm	right_arm	-0.3125	0.125	0.0	-0.1875	-0.125	-0.125	0.0625	0.625	0.125
drowned	drowned/right_leg/0	right_leg	right_leg	-0.11875	0.75	0.0	-0.125	0.0	-0.125	0.125	0.75	0.125
elder_guardian	elder_guardian/head/0	head	head	0.0	0.0	0.0	-0.375	0.625	-0.5	0.375	1.375	0.5
elder_guardian	elder_guardian/head/1	head	head	0.0	0.0	0.0	-0.5	0.625	-0.375	-0.375	1.375	0.375
elder_guardian	elder_guardian/head/2	head	head	0.0	0.0	0.0	0.375	0.625	-0.375	0.5	1.375	0.375
elder_guardian	elder_guardian/head/3	head	head	0.0	0.0	0.0	-0.375	0.5	-0.375	0.375	0.625	0.375
elder_guardian	elder_guardian/head/4	head	head	0.0	0.0	0.0	-0.375	1.375	-0.375	0.375	1.5	0.375
elder_guardian	elder_guardian/head/eye/0	head/eye	head	0.0	0.0	-0.515625	-0.0625	0.9375	0.0	0.0625	1.0625	0.0625
elder_guardian	elder_guardian/head/spike0/0	head/spike0	head	0.0	0.495	0.505	-0.0625	-0.24306804	-0.24306792	0.0625	0.24306804	0.24306798
elder_guardian	elder_guardian/head/spike1/0	head/spike1	head	0.0	0.49729836	-0.50270164	-0.0625	-0.24306792	-0.24306798	0.0625	0.24306792	0.24306795
elder_guardian	elder_guardian/head/spike10/0	head/spike10	head	0.49580443	1.4958044	0.0	-0.24306795	-0.24306798	-0.0625	0.24306792	0.24306798	0.0625
elder_guardian	elder_guardian/head/spike11/0	head/spike11	head	-0.50002205	1.500022	0.0	-0.24306792	-0.24306798	-0.0625	0.24306795	0.24306798	0.0625
elder_guardian	elder_guardian/head/spike2/0	head/spike2	head	0.4979196	0.50208044	0.0	-0.24306795	-0.24306792	-0.0625	0.24306795	0.24306792	0.0625
elder_guardian	elder_guardian/head/spike3/0	head/spike3	head	-0.49505004	0.5049499	0.0	-0.24306789	-0.24306804	-0.0625	0.24306792	0.24306804	0.0625
elder_guardian	elder_guardian/head/spike4/0	head/spike4	head	-0.4967316	1.0	-0.4967316	-0.24306795	-0.0625	-0.24306795	0.24306795	0.0625	0.24306792
elder_guardian	elder_guardian/head/spike5/0	head/spike5	head	0.5014179	1.0	-0.5014179	-0.24306789	-0.0625	-0.24306804	0.24306786	0.0625	0.24306801
elder_guardian	elder_guardian/head/spike6/0	head/spike6	head	0.5048008	1.0	0.5048008	-0.24306795	-0.0625	-0.24306792	0.24306792	0.0625	0.24306792
elder_guardian	elder_guardian/head/spike7/0	head/spike7	head	-0.5037697	1.0	0.5037697	-0.24306798	-0.0625	-0.24306792	0.24306795	0.0625	0.24306792
elder_guardian	elder_guardian/head/spike8/0	head/spike8	head	0.0	1.4992726	0.49927253	-0.0625	-0.24306798	-0.24306795	0.0625	0.24306798	0.24306792
elder_guardian	elder_guardian/head/spike9/0	head/spike9	head	0.0	1.4954444	-0.49544442	-0.0625	-0.24306798	-0.24306798	0.0625	0.24306798	0.24306795
elder_guardian	elder_guardian/head/tail0/0	head/tail0	head	0.0	0.0	0.0	-0.125	0.875	0.4375	0.125	1.125	0.9375
elder_guardian	elder_guardian/head/tail0/tail1/0	head/tail0/tail1	head	-0.09375	0.03125	0.875	0.0	0.875	0.0	0.1875	1.0625	0.4375
elder_guardian	elder_guardian/head/tail0/tail1/tail2/0	head/tail0/tail1/tail2	head	-0.0625	0.0625	1.25	0.0	0.875	0.0	0.125	1.0	0.375
elder_guardian	elder_guardian/head/tail0/tail1/tail2/1	head/tail0/tail1/tail2	head	-0.0625	0.0625	1.25	0.0625	0.65625	0.1875	0.125	1.21875	0.75
elytra	elytra/left_wing/0	left_wing	left_arm	0.3125	0.0	0.0	-0.6120771	-0.031250004	0.0	0.3125	1.328028	0.4442646
elytra	elytra/right_wing/0	right_wing	right_arm	-0.3125	0.0	0.0	-0.3125	-0.031250004	0.0	0.6120771	1.328028	0.4442646
end_crystal	end_crystal/base/0	base	chest	0.0	0.0	0.0	-0.375	0.0	-0.375	0.375	0.25	0.375
end_crystal	end_crystal/cube/0	cube	chest	0.0	0.0	0.0	-0.25	-0.25	-0.25	0.25	0.25	0.25
end_crystal	end_crystal/glass/0	glass	chest	0.0	0.0	0.0	-0.25	-0.25	-0.25	0.25	0.25	0.25
ender_dragon	ender_dragon/body/0	body	chest	0.0	0.25	0.5	-0.75	0.0	-1.0	0.75	1.5	3.0
ender_dragon	ender_dragon/body/1	body	chest	0.0	0.25	0.5	-0.0625	-0.375	-0.625	0.0625	0.0	0.125
ender_dragon	ender_dragon/body/2	body	chest	0.0	0.25	0.5	-0.0625	-0.375	0.625	0.0625	0.0	1.375
ender_dragon	ender_dragon/body/3	body	chest	0.0	0.25	0.5	-0.0625	-0.375	1.875	0.0625	0.0	2.625
ender_dragon	ender_dragon/head/0	head	head	0.0	0.0	0.0	-0.375	-0.0625	-1.5	0.375	0.25	-0.5
ender_dragon	ender_dragon/head/1	head	head	0.0	0.0	0.0	-0.5	-0.5	-0.625	0.5	0.5	0.375
ender_dragon	ender_dragon/head/2	head	head	0.0	0.0	0.0	-0.3125	-0.75	-0.25	-0.1875	-0.5	0.125
ender_dragon	ender_dragon/head/3	head	head	0.0	0.0	0.0	-0.3125	-0.1875	-1.375	-0.1875	-0.0625	-1.125
ender_dragon	ender_dragon/head/4	head	head	0.0	0.0	0.0	0.1875	-0.75	-0.25	0.3125	-0.5	0.125
ender_dragon	ender_dragon/head/5	head	head	0.0	0.0	0.0	0.1875	-0.1875	-1.375	0.3125	-0.0625	-1.125
ender_dragon	ender_dragon/head/jaw/0	head/jaw	head	0.0	0.25	-0.5	-0.375	0.0	-1.0	0.375	0.25	0.0
ender_dragon	ender_dragon/left_front_leg/0	left_front_leg	left_leg	0.75	1.25	0.125	-0.25	-0.25	-0.25	0.25	1.25	0.25
ender_dragon	ender_dragon/left_front_leg/left_front_leg_tip/0	left_front_leg/left_front_leg_tip	left_leg	0.75	2.5	0.0625	-0.1875	-0.0625	-0.1875	0.1875	1.4375	0.1875
ender_dragon	ender_dragon/left_front_leg/left_front_leg_tip/left_front_foot/0	left_front_leg/left_front_leg_tip/left_front_foot	left_leg	0.75	3.9375	0.0625	-0.25	0.0	-0.75	0.25	0.25	0.25
ender_dragon	ender_dragon/left_hind_leg/0	left_hind_leg	left_leg	1.0	1.0	2.625	-0.5	-0.25	-0.5	0.5	1.75	0.5
ender_dragon	ender_dragon/left_hind_leg/left_hind_leg_tip/0	left_hind_leg/left_hind_leg_tip	left_leg	1.0	3.0	2.375	-0.375	-0.125	0.0	0.375	1.875	0.75
ender_dragon	ender_dragon/left_hind_leg/left_hind_leg_tip/left_hind_foot/0	left_hind_leg/left_hind_leg_tip/left_hind_foot	left_leg	1.0	4.9375	2.625	-0.5625	0.0	-1.25	0.5625	0.375	0.25
ender_dragon	ender_dragon/left_wing/0	left_wing	left_arm	0.75	0.3125	0.125	0.0	-0.25	-0.25	3.5	0.25	0.25
ender_dragon	ender_dragon/left_wing/1	left_wing	left_arm	0.75	0.3125	0.125	0.0	0.0	0.125	3.5	0.0	3.625
ender_dragon	ender_dragon/left_wing/left_wing_tip/0	left_wing/left_wing_tip	left_arm	4.25	0.3125	0.125	0.0	-0.125	-0.125	3.5	0.125	0.125
ender_dragon	ender_dragon/left_wing/left_wing_tip/1	left_wing/left_wing_tip	left_arm	4.25	0.3125	0.125	0.0	0.0	0.125	3.5	0.0	3.625
ender_dragon	ender_dragon/neck/0	neck	head	0.0	0.0	0.0	-0.3125	-0.3125	-0.3125	0.3125	0.3125	0.3125
ender_dragon	ender_dragon/neck/1	neck	head	0.0	0.0	0.0	-0.0625	-0.5625	-0.1875	0.0625	-0.3125	0.1875
ender_dragon	ender_dragon/right_front_leg/0	right_front_leg	right_leg	-0.75	1.25	0.125	-0.25	-0.25	-0.25	0.25	1.25	0.25
ender_dragon	ender_dragon/right_front_leg/right_front_leg_tip/0	right_front_leg/right_front_leg_tip	right_leg	-0.75	2.5	0.0625	-0.1875	-0.0625	-0.1875	0.1875	1.4375	0.1875
ender_dragon	ender_dragon/right_front_leg/right_front_leg_tip/right_front_foot/0	right_front_leg/right_front_leg_tip/right_front_foot	right_leg	-0.75	3.9375	0.0625	-0.25	0.0	-0.75	0.25	0.25	0.25
ender_dragon	ender_dragon/right_hind_leg/0	right_hind_leg	right_leg	-1.0	1.0	2.625	-0.5	-0.25	-0.5	0.5	1.75	0.5
ender_dragon	ender_dragon/right_hind_leg/right_hind_leg_tip/0	right_hind_leg/right_hind_leg_tip	right_leg	-1.0	3.0	2.375	-0.375	-0.125	0.0	0.375	1.875	0.75
ender_dragon	ender_dragon/right_hind_leg/right_hind_leg_tip/right_hind_foot/0	right_hind_leg/right_hind_leg_tip/right_hind_foot	right_leg	-1.0	4.9375	2.625	-0.5625	0.0	-1.25	0.5625	0.375	0.25
ender_dragon	ender_dragon/right_wing/0	right_wing	right_arm	-0.75	0.3125	0.125	-3.5	-0.25	-0.25	0.0	0.25	0.25
ender_dragon	ender_dragon/right_wing/1	right_wing	right_arm	-0.75	0.3125	0.125	-3.5	0.0	0.125	0.0	0.0	3.625
ender_dragon	ender_dragon/right_wing/right_wing_tip/0	right_wing/right_wing_tip	right_arm	-4.25	0.3125	0.125	-3.5	-0.125	-0.125	0.0	0.125	0.125
ender_dragon	ender_dragon/right_wing/right_wing_tip/1	right_wing/right_wing_tip	right_arm	-4.25	0.3125	0.125	-3.5	0.0	0.125	0.0	0.0	3.625
enderman	enderman/body/0	body	chest	0.0	-0.875	0.0	-0.25	0.0	-0.125	0.25	0.75	0.125
enderman	enderman/hat/0	hat	chest	0.0	-0.8125	0.0	-0.25	-0.5	-0.25	0.25	0.0	0.25
enderman	enderman/head/0	head	head	0.0	-0.8125	0.0	-0.25	-0.5	-0.25	0.25	0.0	0.25
enderman	enderman/left_arm/0	left_arm	left_arm	0.3125	-0.75	0.0	-0.0625	-0.125	-0.0625	0.0625	1.75	0.0625
enderman	enderman/left_leg/0	left_leg	left_leg	0.125	-0.3125	0.0	-0.0625	0.0	-0.0625	0.0625	1.875	0.0625
enderman	enderman/right_arm/0	right_arm	right_arm	-0.3125	-0.75	0.0	-0.0625	-0.125	-0.0625	0.0625	1.75	0.0625
enderman	enderman/right_leg/0	right_leg	right_leg	-0.125	-0.3125	0.0	-0.0625	0.0	-0.0625	0.0625	1.875	0.0625
endermite	endermite/segment0/0	segment0	chest	0.0	1.3125	-0.21875	-0.125	0.0	-0.0625	0.125	0.1875	0.0625
endermite	endermite/segment1/0	segment1	chest	0.0	1.25	0.0	-0.1875	0.0	-0.15625	0.1875	0.25	0.15625
endermite	endermite/segment2/0	segment2	chest	0.0	1.3125	0.1875	-0.09375	0.0	-0.03125	0.09375	0.1875	0.03125
endermite	endermite/segment3/0	segment3	chest	0.0	1.375	0.25	-0.03125	0.0	-0.03125	0.03125	0.125	0.03125
evoker	evoker/arms/0	arms	right_arm	0.0	0.1875	-0.0625	-0.49999997	-0.17666595	-0.34707564	-0.24999999	0.35958815	0.17666595
evoker	evoker/arms/1	arms	right_arm	0.0	0.1875	-0.0625	-0.24999999	0.0062562525	-0.34707564	0.24999999	0.35958815	0.0062562525
evoker	evoker/arms/left_shoulder/0	arms/left_shoulder	left_arm	0.0	0.1875	-0.0625	0.24999999	-0.17666595	-0.34707564	0.49999997	0.35958815	0.17666595
evoker	evoker/body/0	body	chest	0.0	0.0	0.0	-0.25	0.0	-0.1875	0.25	0.75	0.1875
evoker	evoker/body/1	body	chest	0.0	0.0	0.0	-0.25	0.0	-0.1875	0.25	1.25	0.1875
evoker	evoker/head/0	head	head	0.0	0.0	0.0	-0.25	-0.625	-0.25	0.25	0.0	0.25
evoker	evoker/head/hat/0	head/hat	head	0.0	0.0	0.0	-0.25	-0.625	-0.25	0.25	0.125	0.25
evoker	evoker/head/nose/0	head/nose	head	0.0	-0.125	0.0	-0.0625	-0.0625	-0.375	0.0625	0.1875	-0.25
evoker	evoker/left_arm/0	left_arm	left_arm	0.3125	0.125	0.0	-0.0625	-0.125	-0.125	0.1875	0.625	0.125
evoker	evoker/left_leg/0	left_leg	left_leg	0.125	0.75	0.0	-0.125	0.0	-0.125	0.125	0.75	0.125
evoker	evoker/right_arm/0	right_arm	right_arm	-0.3125	0.125	0.0	-0.1875	-0.125	-0.125	0.0625	0.625	0.125
evoker	evoker/right_leg/0	right_leg	right_leg	-0.125	0.75	0.0	-0.125	0.0	-0.125	0.125	0.75	0.125
evoker_fangs	evoker_fangs/base/0	base	chest	-0.3125	1.5	-0.3125	0.0	0.0	0.0	0.625	0.75	0.625
evoker_fangs	evoker_fangs/lower_jaw/0	lower_jaw	head	-0.09375	1.5	0.25	-0.25	0.0	-0.5	0.0	0.875	0.0
evoker_fangs	evoker_fangs/upper_jaw/0	upper_jaw	head	0.09375	1.5	-0.25	0.0	0.0	0.0	0.25	0.875	0.5
fox	fox/body/0	body	chest	0.0	1.0	-0.375	-0.18749999	-0.15625	0.24993749	0.18749999	0.21875	0.9374375
fox	fox/body/tail/0	body/tail	chest	-0.24999999	1.0625	0.56249994	0.12499999	-0.24965739	-0.0032709837	0.37499997	0.09185326	0.57481307
fox	fox/head/0	head	head	-0.0625	1.03125	-0.1875	-0.1875	-0.125	-0.3125	0.3125	0.25	0.0625
fox	fox/head/left_ear/0	head/left_ear	head	-0.0625	1.03125	-0.1875	0.1875	-0.25	-0.25	0.3125	-0.125	-0.1875
fox	fox/head/nose/0	head/nose	head	-0.0625	1.03125	-0.1875	-0.0625	0.12562501	-0.5	0.1875	0.250625	-0.3125
fox	fox/head/right_ear/0	head/right_ear	head	-0.0625	1.03125	-0.1875	-0.1875	-0.25	-0.25	-0.0625	-0.125	-0.1875
fox	fox/left_front_leg/0	left_front_leg	left_leg	-0.0625	1.09375	0.0	0.125	0.03125	-0.0625	0.25	0.40625	0.0625
fox	fox/left_hind_leg/0	left_hind_leg	left_leg	-0.0625	1.09375	0.4375	0.125	0.03125	-0.0625	0.25	0.40625	0.0625
fox	fox/right_front_leg/0	right_front_leg	right_leg	-0.3125	1.09375	0.0	0.125	0.03125	-0.0625	0.25	0.40625	0.0625
fox	fox/right_hind_leg/0	right_hind_leg	right_leg	-0.3125	1.09375	0.4375	0.125	0.03125	-0.0625	0.25	0.40625	0.0625
frog	frog/root/body/0	root/body	chest	0.0	1.375	0.25	-0.21875	-0.125	-0.5	0.21875	0.0625	0.0625
frog	frog/root/body/1	root/body	chest	0.0	1.375	0.25	-0.21875	-0.0625	-0.5	0.21875	-0.0625	0.0625
frog	frog/root/body/croaking_body/0	root/body/croaking_body	chest	0.0	1.3125	-0.0625	-0.21875	-0.006250024	-0.18125	0.21875	0.118749976	0.006249994
frog	frog/root/body/head/0	root/body/head	head	0.0	1.25	0.1875	-0.21875	-0.0625	-0.4375	0.21875	-0.0625	0.125
frog	frog/root/body/head/1	root/body/head	head	0.0	1.25	0.1875	-0.21875	-0.125	-0.4375	0.21875	0.0625	0.125
frog	frog/root/body/head/eyes/left_eye/0	root/body/head/eyes/left_eye	head	0.125	1.0625	-0.09375	-0.09375	-0.0625	-0.09375	0.09375	0.0625	0.09375
frog	frog/root/body/head/eyes/right_eye/0	root/body/head/eyes/right_eye	head	-0.125	1.0625	-0.09375	-0.09375	-0.0625	-0.09375	0.09375	0.0625	0.09375
frog	frog/root/body/left_arm/0	root/body/left_arm	left_arm	0.25	1.3125	-0.15625	-0.0625	0.0	-0.0625	0.0625	0.1875	0.125
frog	frog/root/body/left_arm/left_hand/0	root/body/left_arm/left_hand	left_arm	0.25	1.5	-0.21875	-0.25	6.250143E-4	-0.25	0.25	6.250143E-4	0.25
frog	frog/root/body/right_arm/0	root/body/right_arm	right_arm	-0.25	1.3125	-0.15625	-0.0625	0.0	-0.0625	0.0625	0.1875	0.125
frog	frog/root/body/right_arm/right_hand/0	root/body/right_arm/right_hand	right_arm	-0.25	1.5	-0.15625	-0.25	6.250143E-4	-0.3125	0.25	6.250143E-4	0.1875
frog	frog/root/body/tongue/0	root/body/tongue	chest	0.0	1.311875	0.3125	-0.125	0.0	-0.44375	0.125	0.0	-0.006249994
frog	frog/root/left_leg/0	root/left_leg	left_leg	0.21875	1.3125	0.25	-0.0625	0.0	-0.125	0.125	0.1875	0.125
frog	frog/root/left_leg/left_foot/0	root/left_leg/left_foot	left_leg	0.34375	1.5	0.25	-0.25	6.250143E-4	-0.25	0.25	6.250143E-4	0.25
frog	frog/root/right_leg/0	root/right_leg	right_leg	-0.21875	1.3125	0.25	-0.125	0.0	-0.125	0.0625	0.1875	0.125
frog	frog/root/right_leg/right_foot/0	root/right_leg/right_foot	right_leg	-0.34375	1.5	0.25	-0.25	6.250143E-4	-0.25	0.25	6.250143E-4	0.25
furnace_minecart	furnace_minecart/back/0	back	chest	0.5625	0.25	0.0	-0.0625	-0.56249994	-0.49999997	0.0625	-0.0625	0.49999997
furnace_minecart	furnace_minecart/bottom/0	bottom	chest	0.0	0.25	0.0	-0.62499994	-0.0625	-0.49999997	0.62499994	0.0625	0.49999997
furnace_minecart	furnace_minecart/front/0	front	chest	-0.5625	0.25	0.0	-0.0625	-0.56249994	-0.49999997	0.0625	-0.0625	0.49999997
furnace_minecart	furnace_minecart/left/0	left	chest	0.0	0.25	-0.4375	-0.5	-0.5625	-0.0625	0.5	-0.0625	0.0625
furnace_minecart	furnace_minecart/right/0	right	chest	0.0	0.25	0.4375	-0.5	-0.5625	-0.0625	0.5	-0.0625	0.0625
ghast	ghast/body/0	body	chest	0.0	1.1	0.0	-0.5	-0.5	-0.5	0.5	0.5	0.5
ghast	ghast/tentacle0/0	tentacle0	chest	-0.234375	1.5375	-0.3125	-0.0625	0.0	-0.0625	0.0625	0.49999988	0.0625
ghast	ghast/tentacle1/0	tentacle1	chest	0.078125	1.5375	-0.3125	-0.0625	0.0	-0.0625	0.0625	0.8124999	0.0625
ghast	ghast/tentacle2/0	tentacle2	chest	0.390625	1.5375	-0.3125	-0.0625	0.0	-0.0625	0.0625	0.5624999	0.0625
ghast	ghast/tentacle3/0	tentacle3	chest	-0.390625	1.5375	0.0	-0.0625	0.0	-0.0625	0.0625	0.6874999	0.0625
ghast	ghast/tentacle4/0	tentacle4	chest	-0.078125	1.5375	0.0	-0.0625	0.0	-0.0625	0.0625	0.6874999	0.0625
ghast	ghast/tentacle5/0	tentacle5	chest	0.234375	1.5375	0.0	-0.0625	0.0	-0.0625	0.0625	0.6249999	0.0625
ghast	ghast/tentacle6/0	tentacle6	chest	-0.234375	1.5375	0.3125	-0.0625	0.0	-0.0625	0.0625	0.7499999	0.0625
ghast	ghast/tentacle7/0	tentacle7	chest	0.078125	1.5375	0.3125	-0.0625	0.0	-0.0625	0.0625	0.5624999	0.0625
ghast	ghast/tentacle8/0	tentacle8	chest	0.390625	1.5375	0.3125	-0.0625	0.0	-0.0625	0.0625	0.7499999	0.0625
giant	giant/body/0	body	chest	0.0	0.0	0.0	-0.25	0.0	-0.125	0.25	0.75	0.125
giant	giant/hat/0	hat	chest	0.0	0.0	0.0	-0.25	-0.5	-0.25	0.25	0.0	0.25
giant	giant/head/0	head	head	0.0	0.0	0.0	-0.25	-0.5	-0.25	0.25	0.0	0.25
giant	giant/left_arm/0	left_arm	left_arm	0.3125	0.125	0.0	-0.0625	-0.125	-0.125	0.1875	0.625	0.125
giant	giant/left_leg/0	left_leg	left_leg	0.11875	0.75	0.0	-0.125	0.0	-0.125	0.125	0.75	0.125
giant	giant/right_arm/0	right_arm	right_arm	-0.3125	0.125	0.0	-0.1875	-0.125	-0.125	0.0625	0.625	0.125
giant	giant/right_leg/0	right_leg	right_leg	-0.11875	0.75	0.0	-0.125	0.0	-0.125	0.125	0.75	0.125
glow_squid	glow_squid/body/0	body	chest	0.0	0.5	0.0	-0.375	-0.5	-0.375	0.375	0.5	0.375
glow_squid	glow_squid/tentacle0/0	tentacle0	chest	0.3125	0.9375	0.0	-0.0625	0.0	-0.062499996	0.0625	1.125	0.062499996
glow_squid	glow_squid/tentacle1/0	tentacle1	chest	0.22097087	0.9375	0.22097087	-0.08838835	0.0	-0.08838834	0.088388324	1.125	0.088388324
glow_squid	glow_squid/tentacle2/0	tentacle2	chest	1.9135106E-17	0.9375	0.3125	-0.0625	0.0	-0.0625	0.0625	1.125	0.0625
glow_squid	glow_squid/tentacle3/0	tentacle3	chest	-0.22097087	0.9375	0.22097087	-0.088388324	0.0	-0.08838834	0.08838835	1.125	0.088388324
glow_squid	glow_squid/tentacle4/0	tentacle4	chest	-0.3125	0.9375	3.8270212E-17	-0.0625	0.0	-0.062499996	0.0625	1.125	0.062499996
glow_squid	glow_squid/tentacle5/0	tentacle5	chest	-0.22097087	0.9375	-0.22097087	-0.088388324	0.0	-0.088388324	0.08838835	1.125	0.08838834
glow_squid	glow_squid/tentacle6/0	tentacle6	chest	-5.7405315E-17	0.9375	-0.3125	-0.0625	0.0	-0.0625	0.0625	1.125	0.0625
glow_squid	glow_squid/tentacle7/0	tentacle7	chest	0.22097087	0.9375	-0.22097087	-0.08838835	0.0	-0.08838835	0.08838835	1.125	0.08838835
goat	goat/body/0	body	chest	0.0	1.5	0.0	-0.25	-1.0625	-0.4375	0.3125	-0.375	0.5625
goat	goat/body/1	body	chest	0.0	1.5	0.0	-0.3125	-1.125	-0.5	0.375	-0.25	0.1875
goat	goat/head/0	head	head	0.0625	0.875	0.0	-0.375	-0.6875	-0.625	-0.1875	-0.5625	-0.5625
goat	goat/head/1	head	head	0.0625	0.875	0.0	0.125	-0.6875	-0.625	0.3125	-0.5625	-0.5625
goat	goat/head/2	head	head	0.0625	0.875	0.0	-0.03125	-0.1875	-0.875	-0.03125	0.25	-0.5625
goat	goat/head/left_horn/0	head/left_horn	head	0.0625	0.875	0.0	-6.249994E-4	-1.0	-0.625	0.124375	-0.5625	-0.5
goat	goat/head/nose/0	head/nose	head	0.0625	0.375	-0.5	-0.1875	-0.24579227	-0.49158454	0.125	0.5171175	0.22528791
goat	goat/head/right_horn/0	head/right_horn	head	0.0625	0.875	0.0	-0.186875	-1.0	-0.625	-0.061875	-0.5625	-0.5
goat	goat/left_front_leg/0	left_front_leg	left_leg	0.0625	0.875	-0.375	0.0	0.0	0.0	0.1875	0.625	0.1875
goat	goat/left_hind_leg/0	left_hind_leg	left_leg	0.0625	0.875	0.25	0.0	0.25	0.0	0.1875	0.625	0.1875
goat	goat/right_front_leg/0	right_front_leg	right_leg	-0.1875	0.875	-0.375	0.0	0.0	0.0	0.1875	0.625	0.1875
goat	goat/right_hind_leg/0	right_hind_leg	right_leg	-0.1875	0.875	0.25	0.0	0.25	0.0	0.1875	0.625	0.1875
guardian	guardian/head/0	head	head	0.0	0.0	0.0	-0.375	0.625	-0.5	0.375	1.375	0.5
guardian	guardian/head/1	head	head	0.0	0.0	0.0	-0.5	0.625	-0.375	-0.375	1.375	0.375
guardian	guardian/head/2	head	head	0.0	0.0	0.0	0.375	0.625	-0.375	0.5	1.375	0.375
guardian	guardian/head/3	head	head	0.0	0.0	0.0	-0.375	0.5	-0.375	0.375	0.625	0.375
guardian	guardian/head/4	head	head	0.0	0.0	0.0	-0.375	1.375	-0.375	0.375	1.5	0.375
guardian	guardian/head/eye/0	head/eye	head	0.0	0.0	-0.515625	-0.0625	0.9375	0.0	0.0625	1.0625	0.0625
guardian	guardian/head/spike0/0	head/spike0	head	0.0	0.495	0.505	-0.0625	-0.24306804	-0.24306792	0.0625	0.24306804	0.24306798
guardian	guardian/head/spike1/0	head/spike1	head	0.0	0.49729836	-0.50270164	-0.0625	-0.24306792	-0.24306798	0.0625	0.24306792	0.24306795
guardian	guardian/head/spike10/0	head/spike10	head	0.49580443	1.4958044	0.0	-0.24306795	-0.24306798	-0.0625	0.24306792	0.24306798	0.0625
guardian	guardian/head/spike11/0	head/spike11	head	-0.50002205	1.500022	0.0	-0.24306792	-0.24306798	-0.0625	0.24306795	0.24306798	0.0625
guardian	guardian/head/spike2/0	head/spike2	head	0.4979196	0.50208044	0.0	-0.24306795	-0.24306792	-0.0625	0.24306795	0.24306792	0.0625
guardian	guardian/head/spike3/0	head/spike3	head	-0.49505004	0.5049499	0.0	-0.24306789	-0.24306804	-0.0625	0.24306792	0.24306804	0.0625
guardian	guardian/head/spike4/0	head/spike4	head	-0.4967316	1.0	-0.4967316	-0.24306795	-0.0625	-0.24306795	0.24306795	0.0625	0.24306792
guardian	guardian/head/spike5/0	head/spike5	head	0.5014179	1.0	-0.5014179	-0.24306789	-0.0625	-0.24306804	0.24306786	0.0625	0.24306801
guardian	guardian/head/spike6/0	head/spike6	head	0.5048008	1.0	0.5048008	-0.24306795	-0.0625	-0.24306792	0.24306792	0.0625	0.24306792
guardian	guardian/head/spike7/0	head/spike7	head	-0.5037697	1.0	0.5037697	-0.24306798	-0.0625	-0.24306792	0.24306795	0.0625	0.24306792
guardian	guardian/head/spike8/0	head/spike8	head	0.0	1.4992726	0.49927253	-0.0625	-0.24306798	-0.24306795	0.0625	0.24306798	0.24306792
guardian	guardian/head/spike9/0	head/spike9	head	0.0	1.4954444	-0.49544442	-0.0625	-0.24306798	-0.24306798	0.0625	0.24306798	0.24306795
guardian	guardian/head/tail0/0	head/tail0	head	0.0	0.0	0.0	-0.125	0.875	0.4375	0.125	1.125	0.9375
guardian	guardian/head/tail0/tail1/0	head/tail0/tail1	head	-0.09375	0.03125	0.875	0.0	0.875	0.0	0.1875	1.0625	0.4375
guardian	guardian/head/tail0/tail1/tail2/0	head/tail0/tail1/tail2	head	-0.0625	0.0625	1.25	0.0	0.875	0.0	0.125	1.0	0.375
guardian	guardian/head/tail0/tail1/tail2/1	head/tail0/tail1/tail2	head	-0.0625	0.0625	1.25	0.0625	0.65625	0.1875	0.125	1.21875	0.75
hanging_sign/acacia	hanging_sign/acacia/board/0	board	chest	0.0	0.0	0.0	-0.4375	0.0	-0.0625	0.4375	0.625	0.0625
hanging_sign/acacia	hanging_sign/acacia/normalChains/chainL1/0	normalChains/chainL1	chest	-0.3125	-0.375	0.0	-0.06629127	0.0	-0.066291265	0.06629126	0.375	0.066291265
hanging_sign/acacia	hanging_sign/acacia/normalChains/chainL2/0	normalChains/chainL2	chest	-0.3125	-0.375	0.0	-0.06629127	0.0	-0.066291265	0.06629126	0.375	0.066291265
hanging_sign/acacia	hanging_sign/acacia/normalChains/chainR1/0	normalChains/chainR1	chest	0.3125	-0.375	0.0	-0.06629126	0.0	-0.066291265	0.06629127	0.375	0.066291265
hanging_sign/acacia	hanging_sign/acacia/normalChains/chainR2/0	normalChains/chainR2	chest	0.3125	-0.375	0.0	-0.06629126	0.0	-0.066291265	0.06629127	0.375	0.066291265
hanging_sign/acacia	hanging_sign/acacia/plank/0	plank	chest	0.0	0.0	0.0	-0.5	-0.375	-0.125	0.5	-0.25	0.125
hanging_sign/acacia	hanging_sign/acacia/vChains/0	vChains	chest	0.0	0.0	0.0	-0.375	-0.375	0.0	0.375	0.0	0.0
hanging_sign/bamboo	hanging_sign/bamboo/board/0	board	chest	0.0	0.0	0.0	-0.4375	0.0	-0.0625	0.4375	0.625	0.0625
hanging_sign/bamboo	hanging_sign/bamboo/normalChains/chainL1/0	normalChains/chainL1	chest	-0.3125	-0.375	0.0	-0.06629127	0.0	-0.066291265	0.06629126	0.375	0.066291265
hanging_sign/bamboo	hanging_sign/bamboo/normalChains/chainL2/0	normalChains/chainL2	chest	-0.3125	-0.375	0.0	-0.06629127	0.0	-0.066291265	0.06629126	0.375	0.066291265
hanging_sign/bamboo	hanging_sign/bamboo/normalChains/chainR1/0	normalChains/chainR1	chest	0.3125	-0.375	0.0	-0.06629126	0.0	-0.066291265	0.06629127	0.375	0.066291265
hanging_sign/bamboo	hanging_sign/bamboo/normalChains/chainR2/0	normalChains/chainR2	chest	0.3125	-0.375	0.0	-0.06629126	0.0	-0.066291265	0.06629127	0.375	0.066291265
hanging_sign/bamboo	hanging_sign/bamboo/plank/0	plank	chest	0.0	0.0	0.0	-0.5	-0.375	-0.125	0.5	-0.25	0.125
hanging_sign/bamboo	hanging_sign/bamboo/vChains/0	vChains	chest	0.0	0.0	0.0	-0.375	-0.375	0.0	0.375	0.0	0.0
hanging_sign/birch	hanging_sign/birch/board/0	board	chest	0.0	0.0	0.0	-0.4375	0.0	-0.0625	0.4375	0.625	0.0625
hanging_sign/birch	hanging_sign/birch/normalChains/chainL1/0	normalChains/chainL1	chest	-0.3125	-0.375	0.0	-0.06629127	0.0	-0.066291265	0.06629126	0.375	0.066291265
hanging_sign/birch	hanging_sign/birch/normalChains/chainL2/0	normalChains/chainL2	chest	-0.3125	-0.375	0.0	-0.06629127	0.0	-0.066291265	0.06629126	0.375	0.066291265
hanging_sign/birch	hanging_sign/birch/normalChains/chainR1/0	normalChains/chainR1	chest	0.3125	-0.375	0.0	-0.06629126	0.0	-0.066291265	0.06629127	0.375	0.066291265
hanging_sign/birch	hanging_sign/birch/normalChains/chainR2/0	normalChains/chainR2	chest	0.3125	-0.375	0.0	-0.06629126	0.0	-0.066291265	0.06629127	0.375	0.066291265
hanging_sign/birch	hanging_sign/birch/plank/0	plank	chest	0.0	0.0	0.0	-0.5	-0.375	-0.125	0.5	-0.25	0.125
hanging_sign/birch	hanging_sign/birch/vChains/0	vChains	chest	0.0	0.0	0.0	-0.375	-0.375	0.0	0.375	0.0	0.0
hanging_sign/cherry	hanging_sign/cherry/board/0	board	chest	0.0	0.0	0.0	-0.4375	0.0	-0.0625	0.4375	0.625	0.0625
hanging_sign/cherry	hanging_sign/cherry/normalChains/chainL1/0	normalChains/chainL1	chest	-0.3125	-0.375	0.0	-0.06629127	0.0	-0.066291265	0.06629126	0.375	0.066291265
hanging_sign/cherry	hanging_sign/cherry/normalChains/chainL2/0	normalChains/chainL2	chest	-0.3125	-0.375	0.0	-0.06629127	0.0	-0.066291265	0.06629126	0.375	0.066291265
hanging_sign/cherry	hanging_sign/cherry/normalChains/chainR1/0	normalChains/chainR1	chest	0.3125	-0.375	0.0	-0.06629126	0.0	-0.066291265	0.06629127	0.375	0.066291265
hanging_sign/cherry	hanging_sign/cherry/normalChains/chainR2/0	normalChains/chainR2	chest	0.3125	-0.375	0.0	-0.06629126	0.0	-0.066291265	0.06629127	0.375	0.066291265
hanging_sign/cherry	hanging_sign/cherry/plank/0	plank	chest	0.0	0.0	0.0	-0.5	-0.375	-0.125	0.5	-0.25	0.125
hanging_sign/cherry	hanging_sign/cherry/vChains/0	vChains	chest	0.0	0.0	0.0	-0.375	-0.375	0.0	0.375	0.0	0.0
hanging_sign/crimson	hanging_sign/crimson/board/0	board	chest	0.0	0.0	0.0	-0.4375	0.0	-0.0625	0.4375	0.625	0.0625
hanging_sign/crimson	hanging_sign/crimson/normalChains/chainL1/0	normalChains/chainL1	chest	-0.3125	-0.375	0.0	-0.06629127	0.0	-0.066291265	0.06629126	0.375	0.066291265
hanging_sign/crimson	hanging_sign/crimson/normalChains/chainL2/0	normalChains/chainL2	chest	-0.3125	-0.375	0.0	-0.06629127	0.0	-0.066291265	0.06629126	0.375	0.066291265
hanging_sign/crimson	hanging_sign/crimson/normalChains/chainR1/0	normalChains/chainR1	chest	0.3125	-0.375	0.0	-0.06629126	0.0	-0.066291265	0.06629127	0.375	0.066291265
hanging_sign/crimson	hanging_sign/crimson/normalChains/chainR2/0	normalChains/chainR2	chest	0.3125	-0.375	0.0	-0.06629126	0.0	-0.066291265	0.06629127	0.375	0.066291265
hanging_sign/crimson	hanging_sign/crimson/plank/0	plank	chest	0.0	0.0	0.0	-0.5	-0.375	-0.125	0.5	-0.25	0.125
hanging_sign/crimson	hanging_sign/crimson/vChains/0	vChains	chest	0.0	0.0	0.0	-0.375	-0.375	0.0	0.375	0.0	0.0
hanging_sign/dark_oak	hanging_sign/dark_oak/board/0	board	chest	0.0	0.0	0.0	-0.4375	0.0	-0.0625	0.4375	0.625	0.0625
hanging_sign/dark_oak	hanging_sign/dark_oak/normalChains/chainL1/0	normalChains/chainL1	chest	-0.3125	-0.375	0.0	-0.06629127	0.0	-0.066291265	0.06629126	0.375	0.066291265
hanging_sign/dark_oak	hanging_sign/dark_oak/normalChains/chainL2/0	normalChains/chainL2	chest	-0.3125	-0.375	0.0	-0.06629127	0.0	-0.066291265	0.06629126	0.375	0.066291265
hanging_sign/dark_oak	hanging_sign/dark_oak/normalChains/chainR1/0	normalChains/chainR1	chest	0.3125	-0.375	0.0	-0.06629126	0.0	-0.066291265	0.06629127	0.375	0.066291265
hanging_sign/dark_oak	hanging_sign/dark_oak/normalChains/chainR2/0	normalChains/chainR2	chest	0.3125	-0.375	0.0	-0.06629126	0.0	-0.066291265	0.06629127	0.375	0.066291265
hanging_sign/dark_oak	hanging_sign/dark_oak/plank/0	plank	chest	0.0	0.0	0.0	-0.5	-0.375	-0.125	0.5	-0.25	0.125
hanging_sign/dark_oak	hanging_sign/dark_oak/vChains/0	vChains	chest	0.0	0.0	0.0	-0.375	-0.375	0.0	0.375	0.0	0.0
hanging_sign/jungle	hanging_sign/jungle/board/0	board	chest	0.0	0.0	0.0	-0.4375	0.0	-0.0625	0.4375	0.625	0.0625
hanging_sign/jungle	hanging_sign/jungle/normalChains/chainL1/0	normalChains/chainL1	chest	-0.3125	-0.375	0.0	-0.06629127	0.0	-0.066291265	0.06629126	0.375	0.066291265
hanging_sign/jungle	hanging_sign/jungle/normalChains/chainL2/0	normalChains/chainL2	chest	-0.3125	-0.375	0.0	-0.06629127	0.0	-0.066291265	0.06629126	0.375	0.066291265
hanging_sign/jungle	hanging_sign/jungle/normalChains/chainR1/0	normalChains/chainR1	chest	0.3125	-0.375	0.0	-0.06629126	0.0	-0.066291265	0.06629127	0.375	0.066291265
hanging_sign/jungle	hanging_sign/jungle/normalChains/chainR2/0	normalChains/chainR2	chest	0.3125	-0.375	0.0	-0.06629126	0.0	-0.066291265	0.06629127	0.375	0.066291265
hanging_sign/jungle	hanging_sign/jungle/plank/0	plank	chest	0.0	0.0	0.0	-0.5	-0.375	-0.125	0.5	-0.25	0.125
hanging_sign/jungle	hanging_sign/jungle/vChains/0	vChains	chest	0.0	0.0	0.0	-0.375	-0.375	0.0	0.375	0.0	0.0
hanging_sign/mangrove	hanging_sign/mangrove/board/0	board	chest	0.0	0.0	0.0	-0.4375	0.0	-0.0625	0.4375	0.625	0.0625
hanging_sign/mangrove	hanging_sign/mangrove/normalChains/chainL1/0	normalChains/chainL1	chest	-0.3125	-0.375	0.0	-0.06629127	0.0	-0.066291265	0.06629126	0.375	0.066291265
hanging_sign/mangrove	hanging_sign/mangrove/normalChains/chainL2/0	normalChains/chainL2	chest	-0.3125	-0.375	0.0	-0.06629127	0.0	-0.066291265	0.06629126	0.375	0.066291265
hanging_sign/mangrove	hanging_sign/mangrove/normalChains/chainR1/0	normalChains/chainR1	chest	0.3125	-0.375	0.0	-0.06629126	0.0	-0.066291265	0.06629127	0.375	0.066291265
hanging_sign/mangrove	hanging_sign/mangrove/normalChains/chainR2/0	normalChains/chainR2	chest	0.3125	-0.375	0.0	-0.06629126	0.0	-0.066291265	0.06629127	0.375	0.066291265
hanging_sign/mangrove	hanging_sign/mangrove/plank/0	plank	chest	0.0	0.0	0.0	-0.5	-0.375	-0.125	0.5	-0.25	0.125
hanging_sign/mangrove	hanging_sign/mangrove/vChains/0	vChains	chest	0.0	0.0	0.0	-0.375	-0.375	0.0	0.375	0.0	0.0
hanging_sign/oak	hanging_sign/oak/board/0	board	chest	0.0	0.0	0.0	-0.4375	0.0	-0.0625	0.4375	0.625	0.0625
hanging_sign/oak	hanging_sign/oak/normalChains/chainL1/0	normalChains/chainL1	chest	-0.3125	-0.375	0.0	-0.06629127	0.0	-0.066291265	0.06629126	0.375	0.066291265
hanging_sign/oak	hanging_sign/oak/normalChains/chainL2/0	normalChains/chainL2	chest	-0.3125	-0.375	0.0	-0.06629127	0.0	-0.066291265	0.06629126	0.375	0.066291265
hanging_sign/oak	hanging_sign/oak/normalChains/chainR1/0	normalChains/chainR1	chest	0.3125	-0.375	0.0	-0.06629126	0.0	-0.066291265	0.06629127	0.375	0.066291265
hanging_sign/oak	hanging_sign/oak/normalChains/chainR2/0	normalChains/chainR2	chest	0.3125	-0.375	0.0	-0.06629126	0.0	-0.066291265	0.06629127	0.375	0.066291265
hanging_sign/oak	hanging_sign/oak/plank/0	plank	chest	0.0	0.0	0.0	-0.5	-0.375	-0.125	0.5	-0.25	0.125
hanging_sign/oak	hanging_sign/oak/vChains/0	vChains	chest	0.0	0.0	0.0	-0.375	-0.375	0.0	0.375	0.0	0.0
hanging_sign/spruce	hanging_sign/spruce/board/0	board	chest	0.0	0.0	0.0	-0.4375	0.0	-0.0625	0.4375	0.625	0.0625
hanging_sign/spruce	hanging_sign/spruce/normalChains/chainL1/0	normalChains/chainL1	chest	-0.3125	-0.375	0.0	-0.06629127	0.0	-0.066291265	0.06629126	0.375	0.066291265
hanging_sign/spruce	hanging_sign/spruce/normalChains/chainL2/0	normalChains/chainL2	chest	-0.3125	-0.375	0.0	-0.06629127	0.0	-0.066291265	0.06629126	0.375	0.066291265
hanging_sign/spruce	hanging_sign/spruce/normalChains/chainR1/0	normalChains/chainR1	chest	0.3125	-0.375	0.0	-0.06629126	0.0	-0.066291265	0.06629127	0.375	0.066291265
hanging_sign/spruce	hanging_sign/spruce/normalChains/chainR2/0	normalChains/chainR2	chest	0.3125	-0.375	0.0	-0.06629126	0.0	-0.066291265	0.06629127	0.375	0.066291265
hanging_sign/spruce	hanging_sign/spruce/plank/0	plank	chest	0.0	0.0	0.0	-0.5	-0.375	-0.125	0.5	-0.25	0.125
hanging_sign/spruce	hanging_sign/spruce/vChains/0	vChains	chest	0.0	0.0	0.0	-0.375	-0.375	0.0	0.375	0.0	0.0
hanging_sign/warped	hanging_sign/warped/board/0	board	chest	0.0	0.0	0.0	-0.4375	0.0	-0.0625	0.4375	0.625	0.0625
hanging_sign/warped	hanging_sign/warped/normalChains/chainL1/0	normalChains/chainL1	chest	-0.3125	-0.375	0.0	-0.06629127	0.0	-0.066291265	0.06629126	0.375	0.066291265
hanging_sign/warped	hanging_sign/warped/normalChains/chainL2/0	normalChains/chainL2	chest	-0.3125	-0.375	0.0	-0.06629127	0.0	-0.066291265	0.06629126	0.375	0.066291265
hanging_sign/warped	hanging_sign/warped/normalChains/chainR1/0	normalChains/chainR1	chest	0.3125	-0.375	0.0	-0.06629126	0.0	-0.066291265	0.06629127	0.375	0.066291265
hanging_sign/warped	hanging_sign/warped/normalChains/chainR2/0	normalChains/chainR2	chest	0.3125	-0.375	0.0	-0.06629126	0.0	-0.066291265	0.06629127	0.375	0.066291265
hanging_sign/warped	hanging_sign/warped/plank/0	plank	chest	0.0	0.0	0.0	-0.5	-0.375	-0.125	0.5	-0.25	0.125
hanging_sign/warped	hanging_sign/warped/vChains/0	vChains	chest	0.0	0.0	0.0	-0.375	-0.375	0.0	0.375	0.0	0.0
hoglin	hoglin/body/0	body	chest	0.0	0.4375	0.0	-0.5	-0.4375	-0.8125	0.5	0.4375	0.8125
hoglin	hoglin/body/mane/0	body/mane	chest	0.0	-0.4375	-0.3125	0.0	0.0	-0.5625	0.0	0.625	0.625
hoglin	hoglin/head/0	head	head	0.0	0.125	-0.75	-0.43749997	-0.12052266	-0.90694356	0.43749997	1.0302004	0.14363337
hoglin	hoglin/head/left_ear/0	head/left_ear	head	0.37499997	0.1882849	-0.96627825	0.0	-0.12653078	-0.11702496	0.3274409	0.25069648	0.26499987
hoglin	hoglin/head/left_horn/0	head/left_horn	head	0.43749997	0.7798818	-1.1363351	-0.0625	-0.4897942	-0.5668298	0.0625	0.04787779	0.040174246
hoglin	hoglin/head/right_ear/0	head/right_ear	head	-0.37499997	0.1882849	-0.96627825	-0.3274409	-0.12653078	-0.11702496	0.0	0.25069648	0.26499987
hoglin	hoglin/head/right_horn/0	head/right_horn	head	-0.43749997	0.7798818	-1.1363351	-0.0625	-0.4897942	-0.5668298	0.0625	0.04787779	0.040174246
hoglin	hoglin/left_front_leg/0	left_front_leg	left_leg	0.25	0.625	-0.53125	-0.1875	0.0	-0.1875	0.1875	0.875	0.1875
hoglin	hoglin/left_hind_leg/0	left_hind_leg	left_leg	0.3125	0.8125	0.625	-0.15625	0.0	-0.15625	0.15625	0.6875	0.15625
hoglin	hoglin/right_front_leg/0	right_front_leg	right_leg	-0.25	0.625	-0.53125	-0.1875	0.0	-0.1875	0.1875	0.875	0.1875
hoglin	hoglin/right_hind_leg/0	right_hind_leg	right_leg	-0.3125	0.8125	0.625	-0.15625	0.0	-0.15625	0.15625	0.6875	0.15625
hopper_minecart	hopper_minecart/back/0	back	chest	0.5625	0.25	0.0	-0.0625	-0.56249994	-0.49999997	0.0625	-0.0625	0.49999997
hopper_minecart	hopper_minecart/bottom/0	bottom	chest	0.0	0.25	0.0	-0.62499994	-0.0625	-0.49999997	0.62499994	0.0625	0.49999997
hopper_minecart	hopper_minecart/front/0	front	chest	-0.5625	0.25	0.0	-0.0625	-0.56249994	-0.49999997	0.0625	-0.0625	0.49999997
hopper_minecart	hopper_minecart/left/0	left	chest	0.0	0.25	-0.4375	-0.5	-0.5625	-0.0625	0.5	-0.0625	0.0625
hopper_minecart	hopper_minecart/right/0	right	chest	0.0	0.25	0.4375	-0.5	-0.5625	-0.0625	0.5	-0.0625	0.0625
horse	horse/body/0	body	chest	0.0	0.6875	0.3125	-0.3125	-0.5	-1.0625	0.3125	0.125	0.3125
horse	horse/body/saddle/0	body/saddle	chest	0.0	0.6875	0.3125	-0.3125	-0.5	-0.5625	0.3125	0.0625	0.0
horse	horse/body/tail/0	body/tail	chest	0.0	0.375	0.4375	-0.09374999	-0.125	0.0	0.09374999	0.7577722	0.65400636
horse	horse/head_parts/0	head_parts	head	0.0	0.25	-0.75	-0.12812498	-0.4810095	-0.29575324	0.121874996	0.38725948	0.45813292
horse	horse/head_parts/head/0	head_parts/head	head	0.0	0.25	-0.75	-0.18749999	-0.75164247	-0.45200324	0.18749999	-0.2622595	0.08313292
horse	horse/head_parts/head/left_ear/0	head_parts/head/left_ear	head	0.0	0.25	-0.75	0.034374997	-0.85989565	-0.18974364	0.15937498	-0.66626585	-0.041867077
horse	horse/head_parts/head/right_ear/0	head_parts/head/right_ear	head	0.0	0.25	-0.75	-0.15937498	-0.85989565	-0.18974364	-0.034374993	-0.66626585	-0.041867077
horse	horse/head_parts/head_saddle/0	head_parts/head_saddle	head	0.0	0.25	-0.75	-0.18749999	-0.7235175	-0.44659054	0.18749999	-0.26538453	0.034419
horse	horse/head_parts/left_saddle_line/0	head_parts/left_saddle_line	head	0.0	0.25	-0.75	0.19374996	-0.375	-0.5	0.19374996	-0.1875	0.5
horse	horse/head_parts/left_saddle_mouth/0	head_parts/left_saddle_mouth	head	0.0	0.25	-0.75	0.12499999	-0.36213928	-0.6060095	0.18749999	-0.1913861	-0.43525636
horse	horse/head_parts/mane/0	head_parts/mane	head	0.0	0.25	-0.75	-0.062499996	-0.814455	-0.07257581	0.062499996	0.114070415	0.5356774
horse	horse/head_parts/mouth_saddle_wrap/0	head_parts/mouth_saddle_wrap	head	0.0	0.25	-0.75	-0.12499999	-0.53289247	-0.56025636	0.12499999	-0.19975951	-0.29575324
horse	horse/head_parts/right_saddle_line/0	head_parts/right_saddle_line	head	0.0	0.25	-0.75	-0.19374996	-0.375	-0.5	-0.19374996	-0.1875	0.5
horse	horse/head_parts/right_saddle_mouth/0	head_parts/right_saddle_mouth	head	0.0	0.25	-0.75	-0.18749999	-0.36213928	-0.6060095	-0.12499999	-0.1913861	-0.43525636
horse	horse/head_parts/upper_mouth/0	head_parts/upper_mouth	head	0.0	0.25	-0.75	-0.12499999	-0.53289247	-0.7226361	0.12499999	-0.10600951	-0.29575324
horse	horse/left_front_baby_leg/0	left_front_baby_leg	left_leg	0.25	0.875	-0.75	-0.1875	-0.063125014	-0.118749976	0.0625	0.624375	0.13125002
horse	horse/left_front_leg/0	left_front_leg	left_leg	0.25	0.875	-0.75	-0.1875	-0.063125014	-0.118749976	0.0625	0.624375	0.13125002
horse	horse/left_hind_baby_leg/0	left_hind_baby_leg	left_leg	0.25	0.875	0.4375	-0.1875	-0.063125014	-0.0625	0.0625	0.624375	0.1875
horse	horse/left_hind_leg/0	left_hind_leg	left_leg	0.25	0.875	0.4375	-0.1875	-0.063125014	-0.0625	0.0625	0.624375	0.1875
horse	horse/right_front_baby_leg/0	right_front_baby_leg	right_leg	-0.25	0.875	-0.75	-0.0625	-0.063125014	-0.118749976	0.1875	0.624375	0.13125002
horse	horse/right_front_leg/0	right_front_leg	right_leg	-0.25	0.875	-0.75	-0.0625	-0.063125014	-0.118749976	0.1875	0.624375	0.13125002
horse	horse/right_hind_baby_leg/0	right_hind_baby_leg	right_leg	-0.25	0.875	0.4375	-0.0625	-0.063125014	-0.0625	0.1875	0.624375	0.1875
horse	horse/right_hind_leg/0	right_hind_leg	right_leg	-0.25	0.875	0.4375	-0.0625	-0.063125014	-0.0625	0.1875	0.624375	0.1875
horse_armor	horse_armor/body/0	body	chest	0.0	0.6875	0.3125	-0.3125	-0.5	-1.0625	0.3125	0.125	0.3125
horse_armor	horse_armor/body/saddle/0	body/saddle	chest	0.0	0.6875	0.3125	-0.3125	-0.5	-0.5625	0.3125	0.0625	0.0
horse_armor	horse_armor/body/tail/0	body/tail	chest	0.0	0.375	0.4375	-0.09374999	-0.125	0.0	0.09374999	0.7577722	0.65400636
horse_armor	horse_armor/head_parts/0	head_parts	head	0.0	0.25	-0.75	-0.12812498	-0.4810095	-0.29575324	0.121874996	0.38725948	0.45813292
horse_armor	horse_armor/head_parts/head/0	head_parts/head	head	0.0	0.25	-0.75	-0.18749999	-0.75164247	-0.45200324	0.18749999	-0.2622595	0.08313292
horse_armor	horse_armor/head_parts/head/left_ear/0	head_parts/head/left_ear	head	0.0	0.25	-0.75	0.034374997	-0.85989565	-0.18974364	0.15937498	-0.66626585	-0.041867077
horse_armor	horse_armor/head_parts/head/right_ear/0	head_parts/head/right_ear	head	0.0	0.25	-0.75	-0.15937498	-0.85989565	-0.18974364	-0.034374993	-0.66626585	-0.041867077
horse_armor	horse_armor/head_parts/head_saddle/0	head_parts/head_saddle	head	0.0	0.25	-0.75	-0.18749999	-0.7235175	-0.44659054	0.18749999	-0.26538453	0.034419
horse_armor	horse_armor/head_parts/left_saddle_line/0	head_parts/left_saddle_line	head	0.0	0.25	-0.75	0.19374996	-0.375	-0.5	0.19374996	-0.1875	0.5
horse_armor	horse_armor/head_parts/left_saddle_mouth/0	head_parts/left_saddle_mouth	head	0.0	0.25	-0.75	0.12499999	-0.36213928	-0.6060095	0.18749999	-0.1913861	-0.43525636
horse_armor	horse_armor/head_parts/mane/0	head_parts/mane	head	0.0	0.25	-0.75	-0.062499996	-0.814455	-0.07257581	0.062499996	0.114070415	0.5356774
horse_armor	horse_armor/head_parts/mouth_saddle_wrap/0	head_parts/mouth_saddle_wrap	head	0.0	0.25	-0.75	-0.12499999	-0.53289247	-0.56025636	0.12499999	-0.19975951	-0.29575324
horse_armor	horse_armor/head_parts/right_saddle_line/0	head_parts/right_saddle_line	head	0.0	0.25	-0.75	-0.19374996	-0.375	-0.5	-0.19374996	-0.1875	0.5
horse_armor	horse_armor/head_parts/right_saddle_mouth/0	head_parts/right_saddle_mouth	head	0.0	0.25	-0.75	-0.18749999	-0.36213928	-0.6060095	-0.12499999	-0.1913861	-0.43525636
horse_armor	horse_armor/head_parts/upper_mouth/0	head_parts/upper_mouth	head	0.0	0.25	-0.75	-0.12499999	-0.53289247	-0.7226361	0.12499999	-0.10600951	-0.29575324
horse_armor	horse_armor/left_front_baby_leg/0	left_front_baby_leg	left_leg	0.25	0.875	-0.75	-0.1875	-0.063125014	-0.118749976	0.0625	0.624375	0.13125002
horse_armor	horse_armor/left_front_leg/0	left_front_leg	left_leg	0.25	0.875	-0.75	-0.1875	-0.063125014	-0.118749976	0.0625	0.624375	0.13125002
horse_armor	horse_armor/left_hind_baby_leg/0	left_hind_baby_leg	left_leg	0.25	0.875	0.4375	-0.1875	-0.063125014	-0.0625	0.0625	0.624375	0.1875
horse_armor	horse_armor/left_hind_leg/0	left_hind_leg	left_leg	0.25	0.875	0.4375	-0.1875	-0.063125014	-0.0625	0.0625	0.624375	0.1875
horse_armor	horse_armor/right_front_baby_leg/0	right_front_baby_leg	right_leg	-0.25	0.875	-0.75	-0.0625	-0.063125014	-0.118749976	0.1875	0.624375	0.13125002
horse_armor	horse_armor/right_front_leg/0	right_front_leg	right_leg	-0.25	0.875	-0.75	-0.0625	-0.063125014	-0.118749976	0.1875	0.624375	0.13125002
horse_armor	horse_armor/right_hind_baby_leg/0	right_hind_baby_leg	right_leg	-0.25	0.875	0.4375	-0.0625	-0.063125014	-0.0625	0.1875	0.624375	0.1875
horse_armor	horse_armor/right_hind_leg/0	right_hind_leg	right_leg	-0.25	0.875	0.4375	-0.0625	-0.063125014	-0.0625	0.1875	0.624375	0.1875
husk	husk/body/0	body	chest	0.0	0.0	0.0	-0.25	0.0	-0.125	0.25	0.75	0.125
husk	husk/hat/0	hat	chest	0.0	0.0	0.0	-0.25	-0.5	-0.25	0.25	0.0	0.25
husk	husk/head/0	head	head	0.0	0.0	0.0	-0.25	-0.5	-0.25	0.25	0.0	0.25
husk	husk/left_arm/0	left_arm	left_arm	0.3125	0.125	0.0	-0.0625	-0.125	-0.125	0.1875	0.625	0.125
husk	husk/left_leg/0	left_leg	left_leg	0.11875	0.75	0.0	-0.125	0.0	-0.125	0.125	0.75	0.125
husk	husk/right_arm/0	right_arm	right_arm	-0.3125	0.125	0.0	-0.1875	-0.125	-0.125	0.0625	0.625	0.125
husk	husk/right_leg/0	right_leg	right_leg	-0.11875	0.75	0.0	-0.125	0.0	-0.125	0.125	0.75	0.125
illusioner	illusioner/arms/0	arms	right_arm	0.0	0.1875	-0.0625	-0.49999997	-0.17666595	-0.34707564	-0.24999999	0.35958815	0.17666595
illusioner	illusioner/arms/1	arms	right_arm	0.0	0.1875	-0.0625	-0.24999999	0.0062562525	-0.34707564	0.24999999	0.35958815	0.0062562525
illusioner	illusioner/arms/left_shoulder/0	arms/left_shoulder	left_arm	0.0	0.1875	-0.0625	0.24999999	-0.17666595	-0.34707564	0.49999997	0.35958815	0.17666595
illusioner	illusioner/body/0	body	chest	0.0	0.0	0.0	-0.25	0.0	-0.1875	0.25	0.75	0.1875
illusioner	illusioner/body/1	body	chest	0.0	0.0	0.0	-0.25	0.0	-0.1875	0.25	1.25	0.1875
illusioner	illusioner/head/0	head	head	0.0	0.0	0.0	-0.25	-0.625	-0.25	0.25	0.0	0.25
illusioner	illusioner/head/hat/0	head/hat	head	0.0	0.0	0.0	-0.25	-0.625	-0.25	0.25	0.125	0.25
illusioner	illusioner/head/nose/0	head/nose	head	0.0	-0.125	0.0	-0.0625	-0.0625	-0.375	0.0625	0.1875	-0.25
illusioner	illusioner/left_arm/0	left_arm	left_arm	0.3125	0.125	0.0	-0.0625	-0.125	-0.125	0.1875	0.625	0.125
illusioner	illusioner/left_leg/0	left_leg	left_leg	0.125	0.75	0.0	-0.125	0.0	-0.125	0.125	0.75	0.125
illusioner	illusioner/right_arm/0	right_arm	right_arm	-0.3125	0.125	0.0	-0.1875	-0.125	-0.125	0.0625	0.625	0.125
illusioner	illusioner/right_leg/0	right_leg	right_leg	-0.125	0.75	0.0	-0.125	0.0	-0.125	0.125	0.75	0.125
iron_golem	iron_golem/body/0	body	chest	0.0	-0.4375	0.0	-0.5625	-0.125	-0.375	0.5625	0.625	0.3125
iron_golem	iron_golem/body/1	body	chest	0.0	-0.4375	0.0	-0.28125	0.625	-0.1875	0.28125	0.9375	0.1875
iron_golem	iron_golem/head/0	head	head	0.0	-0.4375	-0.125	-0.25	-0.75	-0.34375	0.25	-0.125	0.15625
iron_golem	iron_golem/head/1	head	head	0.0	-0.4375	-0.125	-0.0625	-0.3125	-0.46875	0.0625	-0.0625	-0.34375
iron_golem	iron_golem/left_arm/0	left_arm	left_arm	0.0	-0.4375	0.0	0.5625	-0.15625	-0.1875	0.8125	1.71875	0.1875
iron_golem	iron_golem/left_leg/0	left_leg	left_leg	0.3125	0.6875	0.0	-0.21875	-0.1875	-0.1875	0.15625	0.8125	0.125
iron_golem	iron_golem/right_arm/0	right_arm	right_arm	0.0	-0.4375	0.0	-0.8125	-0.15625	-0.1875	-0.5625	1.71875	0.1875
iron_golem	iron_golem/right_leg/0	right_leg	right_leg	-0.25	0.6875	0.0	-0.21875	-0.1875	-0.1875	0.15625	0.8125	0.125
leash_knot	leash_knot/knot/0	knot	chest	0.0	0.0	0.0	-0.1875	-0.5	-0.1875	0.1875	0.0	0.1875
llama	llama/body/0	body	chest	0.0	0.3125	0.125	-0.37499997	-0.18749999	-0.62499994	0.37499997	0.4375	0.5
llama	llama/head/0	head	head	0.0	0.4375	-0.375	-0.125	-0.875	-0.625	0.125	-0.625	-0.0625
llama	llama/head/1	head	head	0.0	0.4375	-0.375	-0.25	-1.0	-0.375	0.25	0.125	0.0
llama	llama/head/2	head	head	0.0	0.4375	-0.375	-0.25	-1.1875	-0.25	-0.0625	-1.0	-0.125
llama	llama/head/3	head	head	0.0	0.4375	-0.375	0.0625	-1.1875	-0.25	0.25	-1.0	-0.125
llama	llama/left_chest/0	left_chest	chest	0.34375	0.1875	0.1875	0.0	0.0	-0.31249997	0.1875	0.5	0.1875
llama	llama/left_front_leg/0	left_front_leg	left_leg	0.21875	0.625	-0.3125	-0.125	0.0	-0.125	0.125	0.875	0.125
llama	llama/left_hind_leg/0	left_hind_leg	left_leg	0.21875	0.625	0.375	-0.125	0.0	-0.125	0.125	0.875	0.125
llama	llama/right_chest/0	right_chest	chest	-0.53125	0.1875	0.1875	0.0	0.0	-0.31249997	0.1875	0.5	0.1875
llama	llama/right_front_leg/0	right_front_leg	right_leg	-0.21875	0.625	-0.3125	-0.125	0.0	-0.125	0.125	0.875	0.125
llama	llama/right_hind_leg/0	right_hind_leg	right_leg	-0.21875	0.625	0.375	-0.125	0.0	-0.125	0.125	0.875	0.125
llama_spit	llama_spit/main/0	main	chest	0.0	0.0	0.0	-0.25	0.0	0.0	-0.125	0.125	0.125
llama_spit	llama_spit/main/1	main	chest	0.0	0.0	0.0	0.0	-0.25	0.0	0.125	-0.125	0.125
llama_spit	llama_spit/main/2	main	chest	0.0	0.0	0.0	0.0	0.0	-0.25	0.125	0.125	-0.125
llama_spit	llama_spit/main/3	main	chest	0.0	0.0	0.0	0.0	0.0	0.0	0.125	0.125	0.125
llama_spit	llama_spit/main/4	main	chest	0.0	0.0	0.0	0.125	0.0	0.0	0.25	0.125	0.125
llama_spit	llama_spit/main/5	main	chest	0.0	0.0	0.0	0.0	0.125	0.0	0.125	0.25	0.125
llama_spit	llama_spit/main/6	main	chest	0.0	0.0	0.0	0.0	0.0	0.125	0.125	0.125	0.25
magma_cube	magma_cube/cube0/0	cube0	chest	0.0	0.0	0.0	-0.25	1.0	-0.25	0.25	1.0625	0.25
magma_cube	magma_cube/cube1/0	cube1	chest	0.0	0.0	0.0	-0.25	1.0625	-0.25	0.25	1.125	0.25
magma_cube	magma_cube/cube2/0	cube2	chest	0.0	0.0	0.0	-0.25	1.125	-0.25	0.25	1.1875	0.25
magma_cube	magma_cube/cube3/0	cube3	chest	0.0	0.0	0.0	-0.25	1.1875	-0.25	0.25	1.25	0.25
magma_cube	magma_cube/cube4/0	cube4	chest	0.0	0.0	0.0	-0.25	1.25	-0.25	0.25	1.3125	0.25
magma_cube	magma_cube/cube5/0	cube5	chest	0.0	0.0	0.0	-0.25	1.3125	-0.25	0.25	1.375	0.25
magma_cube	magma_cube/cube6/0	cube6	chest	0.0	0.0	0.0	-0.25	1.375	-0.25	0.25	1.4375	0.25
magma_cube	magma_cube/cube7/0	cube7	chest	0.0	0.0	0.0	-0.25	1.4375	-0.25	0.25	1.5	0.25
magma_cube	magma_cube/inside_cube/0	inside_cube	chest	0.0	0.0	0.0	-0.125	1.125	-0.125	0.125	1.375	0.125
minecart	minecart/back/0	back	chest	0.5625	0.25	0.0	-0.0625	-0.56249994	-0.49999997	0.0625	-0.0625	0.49999997
minecart	minecart/bottom/0	bottom	chest	0.0	0.25	0.0	-0.62499994	-0.0625	-0.49999997	0.62499994	0.0625	0.49999997
minecart	minecart/front/0	front	chest	-0.5625	0.25	0.0	-0.0625	-0.56249994	-0.49999997	0.0625	-0.0625	0.49999997
minecart	minecart/left/0	left	chest	0.0	0.25	-0.4375	-0.5	-0.5625	-0.0625	0.5	-0.0625	0.0625
minecart	minecart/right/0	right	chest	0.0	0.25	0.4375	-0.5	-0.5625	-0.0625	0.5	-0.0625	0.0625
mooshroom	mooshroom/body/0	body	chest	0.0	0.3125	0.125	-0.37499997	-0.18749999	-0.62499994	0.37499997	0.4375	0.5
mooshroom	mooshroom/body/1	body	chest	0.0	0.3125	0.125	-0.12499999	0.4375	0.125	0.12499999	0.5	0.5
mooshroom	mooshroom/head/0	head	head	0.0	0.25	-0.5	-0.25	-0.25	-0.375	0.25	0.25	0.0
mooshroom	mooshroom/head/1	head	head	0.0	0.25	-0.5	-0.3125	-0.3125	-0.25	-0.25	-0.125	-0.1875
mooshroom	mooshroom/head/2	head	head	0.0	0.25	-0.5	0.25	-0.3125	-0.25	0.3125	-0.125	-0.1875
mooshroom	mooshroom/left_front_leg/0	left_front_leg	left_leg	0.25	0.75	-0.375	-0.125	0.0	-0.125	0.125	0.75	0.125
mooshroom	mooshroom/left_hind_leg/0	left_hind_leg	left_leg	0.25	0.75	0.4375	-0.125	0.0	-0.125	0.125	0.75	0.125
mooshroom	mooshroom/right_front_leg/0	right_front_leg	right_leg	-0.25	0.75	-0.375	-0.125	0.0	-0.125	0.125	0.75	0.125
mooshroom	mooshroom/right_hind_leg/0	right_hind_leg	right_leg	-0.25	0.75	0.4375	-0.125	0.0	-0.125	0.125	0.75	0.125
mule	mule/body/0	body	chest	0.0	0.6875	0.3125	-0.3125	-0.5	-1.0625	0.3125	0.125	0.3125
mule	mule/body/left_chest/0	body/left_chest	chest	0.375	0.1875	0.3125	-0.0625	0.0	-0.24999999	0.125	0.5	0.25
mule	mule/body/right_chest/0	body/right_chest	chest	-0.375	0.1875	0.3125	-0.125	0.0	-0.24999999	0.0625	0.5	0.25
mule	mule/body/saddle/0	body/saddle	chest	0.0	0.6875	0.3125	-0.3125	-0.5	-0.5625	0.3125	0.0625	0.0
mule	mule/body/tail/0	body/tail	chest	0.0	0.375	0.4375	-0.09374999	-0.125	0.0	0.09374999	0.7577722	0.65400636
mule	mule/head_parts/0	head_parts	head	0.0	0.25	-0.75	-0.12812498	-0.4810095	-0.29575324	0.121874996	0.38725948	0.45813292
mule	mule/head_parts/head/0	head_parts/head	head	0.0	0.25	-0.75	-0.18749999	-0.75164247	-0.45200324	0.18749999	-0.2622595	0.08313292
mule	mule/head_parts/head/left_ear/0	head_parts/head/left_ear	head	0.07812499	-0.41626585	-0.84599364	-0.060370367	-0.35461473	-0.31024766	0.17393205	0.014008999	0.052557886
mule	mule/head_parts/head/right_ear/0	head_parts/head/right_ear	head	-0.07812499	-0.41626585	-0.84599364	-0.17393205	-0.35461473	-0.31024766	0.060370367	0.014008999	0.052557886
mule	mule/head_parts/head_saddle/0	head_parts/head_saddle	head	0.0	0.25	-0.75	-0.18749999	-0.7235175	-0.44659054	0.18749999	-0.26538453	0.034419
mule	mule/head_parts/left_saddle_line/0	head_parts/left_saddle_line	head	0.0	0.25	-0.75	0.19374996	-0.375	-0.5	0.19374996	-0.1875	0.5
mule	mule/head_parts/left_saddle_mouth/0	head_parts/left_saddle_mouth	head	0.0	0.25	-0.75	0.12499999	-0.36213928	-0.6060095	0.18749999	-0.1913861	-0.43525636
mule	mule/head_parts/mane/0	head_parts/mane	head	0.0	0.25	-0.75	-0.062499996	-0.814455	-0.07257581	0.062499996	0.114070415	0.5356774
mule	mule/head_parts/mouth_saddle_wrap/0	head_parts/mouth_saddle_wrap	head	0.0	0.25	-0.75	-0.12499999	-0.53289247	-0.56025636	0.12499999	-0.19975951	-0.29575324
mule	mule/head_parts/right_saddle_line/0	head_parts/right_saddle_line	head	0.0	0.25	-0.75	-0.19374996	-0.375	-0.5	-0.19374996	-0.1875	0.5
mule	mule/head_parts/right_saddle_mouth/0	head_parts/right_saddle_mouth	head	0.0	0.25	-0.75	-0.18749999	-0.36213928	-0.6060095	-0.12499999	-0.1913861	-0.43525636
mule	mule/head_parts/upper_mouth/0	head_parts/upper_mouth	head	0.0	0.25	-0.75	-0.12499999	-0.53289247	-0.7226361	0.12499999	-0.10600951	-0.29575324
mule	mule/left_front_baby_leg/0	left_front_baby_leg	left_leg	0.25	0.875	-0.75	-0.1875	-0.063125014	-0.118749976	0.0625	0.624375	0.13125002
mule	mule/left_front_leg/0	left_front_leg	left_leg	0.25	0.875	-0.75	-0.1875	-0.063125014	-0.118749976	0.0625	0.624375	0.13125002
mule	mule/left_hind_baby_leg/0	left_hind_baby_leg	left_leg	0.25	0.875	0.4375	-0.1875	-0.063125014	-0.0625	0.0625	0.624375	0.1875
mule	mule/left_hind_leg/0	left_hind_leg	left_leg	0.25	0.875	0.4375	-0.1875	-0.063125014	-0.0625	0.0625	0.624375	0.1875
mule	mule/right_front_baby_leg/0	right_front_baby_leg	right_leg	-0.25	0.875	-0.75	-0.0625	-0.063125014	-0.118749976	0.1875	0.624375	0.13125002
mule	mule/right_front_leg/0	right_front_leg	right_leg	-0.25	0.875	-0.75	-0.0625	-0.063125014	-0.118749976	0.1875	0.624375	0.13125002
mule	mule/right_hind_baby_leg/0	right_hind_baby_leg	right_leg	-0.25	0.875	0.4375	-0.0625	-0.063125014	-0.0625	0.1875	0.624375	0.1875
mule	mule/right_hind_leg/0	right_hind_leg	right_leg	-0.25	0.875	0.4375	-0.0625	-0.063125014	-0.0625	0.1875	0.624375	0.1875
ocelot	ocelot/body/0	body	chest	0.0	0.75	-0.625	-0.12499999	0.125	0.1875	0.12499999	0.5	1.1874999
ocelot	ocelot/head/0	head	head	0.0	0.9375	-0.5625	-0.15625	-0.125	-0.1875	0.15625	0.125	0.125
ocelot	ocelot/head/1	head	head	0.0	0.9375	-0.5625	-0.09375	-6.252527E-5	-0.25	0.09375	0.124937534	-0.125
ocelot	ocelot/head/2	head	head	0.0	0.9375	-0.5625	-0.125	-0.1875	0.0	-0.0625	-0.125	0.125
ocelot	ocelot/head/3	head	head	0.0	0.9375	-0.5625	0.0625	-0.1875	0.0	0.125	-0.125	0.125
ocelot	ocelot/left_front_leg/0	left_front_leg	left_leg	0.075	0.88125	-0.3125	-0.0625	0.0	0.0	0.0625	0.625	0.125
ocelot	ocelot/left_hind_leg/0	left_hind_leg	left_leg	0.06875	1.125	0.3125	-0.0625	0.0	0.0625	0.062499993	0.375	0.1875
ocelot	ocelot/right_front_leg/0	right_front_leg	right_leg	-0.075	0.88125	-0.3125	-0.0625	0.0	0.0	0.0625	0.625	0.125
ocelot	ocelot/right_hind_leg/0	right_hind_leg	right_leg	-0.06875	1.125	0.3125	-0.062499993	0.0	0.0625	0.0625	0.375	0.1875
ocelot	ocelot/tail1/0	tail1	chest	0.0	0.9375	0.5	-0.031249996	-0.048957944	0.0	0.031249996	0.31080496	0.43051404
ocelot	ocelot/tail2/0	tail2	chest	0.0	1.25	0.875	-0.03125	0.0	0.0	0.03125	0.5	0.0625
panda	panda/body/0	body	chest	0.0	0.625	0.0	-0.59374994	-0.40624997	-0.81249994	0.59374994	0.40625	0.81249994
panda	panda/head/0	head	head	0.0	0.71875	-1.0625	-0.40625	-0.3125	-0.25	0.40625	0.3125	0.3125
panda	panda/head/1	head	head	0.0	0.71875	-1.0625	-0.21875	0.0	-0.375	0.21875	0.3125	-0.25
panda	panda/head/2	head	head	0.0	0.71875	-1.0625	0.21875	-0.5	-0.0625	0.53125	-0.25	0.0
panda	panda/head/3	head	head	0.0	0.71875	-1.0625	-0.53125	-0.5	-0.0625	-0.21875	-0.25	0.0
panda	panda/left_front_leg/0	left_front_leg	left_leg	0.34375	0.9375	-0.5625	-0.1875	0.0	-0.1875	0.1875	0.5625	0.1875
panda	panda/left_hind_leg/0	left_hind_leg	left_leg	0.34375	0.9375	0.5625	-0.1875	0.0	-0.1875	0.1875	0.5625	0.1875
panda	panda/right_front_leg/0	right_front_leg	right_leg	-0.34375	0.9375	-0.5625	-0.1875	0.0	-0.1875	0.1875	0.5625	0.1875
panda	panda/right_hind_leg/0	right_hind_leg	right_leg	-0.34375	0.9375	0.5625	-0.1875	0.0	-0.1875	0.1875	0.5625	0.1875
parrot	parrot/body/0	body	chest	0.0	1.03125	-0.1875	-0.09375	0.0	-0.09375	0.09375	0.375	0.09375
parrot	parrot/head/0	head	head	0.0	0.980625	-0.1725	-0.0625	-0.09375	-0.0625	0.0625	0.09374994	0.0625
parrot	parrot/head/beak1/0	head/beak1	head	0.0	0.949375	-0.26625	-0.03125	-0.0625	-0.03125	0.03125	0.06249994	0.03125
parrot	parrot/head/beak2/0	head/beak2	head	0.0	0.87125	-0.325625	-0.03125	0.0	-0.03125	0.03125	0.125	0.03125
parrot	parrot/head/feather/0	head/feather	head	0.0	0.84624994	-0.163125	0.0	-0.25	-0.124999985	0.0	0.0625	0.125
parrot	parrot/head/head2/0	head/head2	head	0.0	0.855625	-0.235	-0.0625	-0.03125	-0.12500001	0.0625	0.03125	0.125
parrot	parrot/left_leg/0	left_leg	left_leg	0.0625	1.375	-0.065625	-0.03125	0.0	-0.03125	0.03125	0.125	0.03125
parrot	parrot/left_wing/0	left_wing	left_arm	0.09375	1.05875	-0.1725	-0.03125	0.0	-0.093750015	0.03125	0.3125	0.09375
parrot	parrot/right_leg/0	right_leg	right_leg	-0.0625	1.375	-0.065625	-0.03125	0.0	-0.03125	0.03125	0.125	0.03125
parrot	parrot/right_wing/0	right_wing	right_arm	-0.09375	1.05875	-0.1725	-0.03125	0.0	-0.093750015	0.03125	0.3125	0.09375
parrot	parrot/tail/0	tail	chest	0.0	1.316875	0.0725	-0.09375	-0.0625	-0.0625	0.09375	0.1875	0.0
phantom	phantom/body/0	body	chest	0.0	0.0	0.0	-0.1875	-0.17429224	-0.5037417	0.125	0.06842735	0.07466694
phantom	phantom/body/head/0	body/head	head	0.0	0.018510643	-0.44155392	-0.25	-0.12437552	-0.32341805	0.1875	0.09338571	0.006239593
phantom	phantom/body/left_wing_base/0	body/left_wing_base	left_arm	0.125	-0.17429224	-0.4850229	-0.012479179	0.0	-0.016154349	0.37312657	0.21716096	0.5596899
phantom	phantom/body/left_wing_base/left_wing_tip/0	body/left_wing_base/left_wing_tip	left_arm	0.49812657	-0.13704173	-0.4887604	-0.01241684	0.0	-0.022230208	0.79630417	0.27771685	0.5596899
phantom	phantom/body/right_wing_base/0	body/right_wing_base	right_arm	-0.1875	-0.17429224	-0.4850229	-0.37312657	0.0	-0.016154349	0.012479171	0.21716096	0.5596899
phantom	phantom/body/right_wing_base/right_wing_tip/0	body/right_wing_base/right_wing_tip	right_arm	-0.56062657	-0.13704173	-0.4887604	-0.79630417	0.0	-0.022230208	0.01241684	0.27771685	0.5596899
phantom	phantom/body/tail_base/0	body/tail_base	chest	0.0	-0.11813594	0.07466694	-0.125	0.0	-0.012479179	0.0625	0.16181305	0.37312657
phantom	phantom/body/tail_base/tail_tip/0	body/tail_base/tail_tip	chest	0.0	-0.049604528	0.44467372	-0.0625	0.0	-0.006239593	0.0	0.09962529	0.37312657
pig	pig/body/0	body	chest	0.0	0.6875	0.125	-0.31249997	-0.0625	-0.62499994	0.31249997	0.4375	0.37499997
pig	pig/head/0	head	head	0.0	0.75	-0.375	-0.25	-0.25	-0.5	0.25	0.25	0.0
pig	pig/head/1	head	head	0.0	0.75	-0.375	-0.125	0.0	-0.5625	0.125	0.1875	-0.5
pig	pig/left_front_leg/0	left_front_leg	left_leg	0.1875	1.125	-0.3125	-0.125	0.0	-0.125	0.125	0.375	0.125
pig	pig/left_hind_leg/0	left_hind_leg	left_leg	0.1875	1.125	0.4375	-0.125	0.0	-0.125	0.125	0.375	0.125
pig	pig/right_front_leg/0	right_front_leg	right_leg	-0.1875	1.125	-0.3125	-0.125	0.0	-0.125	0.125	0.375	0.125
pig	pig/right_hind_leg/0	right_hind_leg	right_leg	-0.1875	1.125	0.4375	-0.125	0.0	-0.125	0.125	0.375	0.125
piglin	piglin/body/0	body	chest	0.0	0.0	0.0	-0.25	0.0	-0.125	0.25	0.75	0.125
piglin	piglin/cloak/0	cloak	chest	0.0	0.0	0.0	-0.3125	0.0	-0.0625	0.3125	1.0	0.0
piglin	piglin/ear/0	ear	chest	0.0	0.0	0.0	-0.1875	-0.375	-0.0625	0.1875	0.0	0.0
piglin	piglin/head/0	head	head	0.0	0.0	0.0	-0.3125	-0.5	-0.25	0.3125	0.0	0.25
piglin	piglin/head/1	head	head	0.0	0.0	0.0	-0.125	-0.25	-0.3125	0.125	0.0	-0.25
piglin	piglin/head/2	head	head	0.0	0.0	0.0	0.125	-0.125	-0.3125	0.1875	0.0	-0.25
piglin	piglin/head/3	head	head	0.0	0.0	0.0	-0.1875	-0.125	-0.3125	-0.125	0.0	-0.25
piglin	piglin/head/left_ear/0	head/left_ear	head	0.28125	-0.375	0.0	0.0	-0.03125	-0.12499999	0.21037659	0.27063292	0.12499999
piglin	piglin/head/right_ear/0	head/right_ear	head	-0.28125	-0.375	0.0	-0.21037659	-0.03125	-0.12499999	0.0	0.27063292	0.12499999
piglin	piglin/jacket/0	jacket	chest	0.0	0.0	0.0	-0.25	0.0	-0.125	0.25	0.75	0.125
piglin	piglin/left_arm/0	left_arm	left_arm	0.3125	0.125	0.0	-0.0625	-0.125	-0.125	0.1875	0.625	0.125
piglin	piglin/left_leg/0	left_leg	left_leg	0.11875	0.75	0.0	-0.125	0.0	-0.125	0.125	0.75	0.125
piglin	piglin/left_pants/0	left_pants	chest	0.11875	0.75	0.0	-0.125	0.0	-0.125	0.125	0.75	0.125
piglin	piglin/left_sleeve/0	left_sleeve	chest	0.3125	0.125	0.0	-0.0625	-0.125	-0.125	0.1875	0.625	0.125
piglin	piglin/right_arm/0	right_arm	right_arm	-0.3125	0.125	0.0	-0.1875	-0.125	-0.125	0.0625	0.625	0.125
piglin	piglin/right_leg/0	right_leg	right_leg	-0.11875	0.75	0.0	-0.125	0.0	-0.125	0.125	0.75	0.125
piglin	piglin/right_pants/0	right_pants	chest	-0.11875	0.75	0.0	-0.125	0.0	-0.125	0.125	0.75	0.125
piglin	piglin/right_sleeve/0	right_sleeve	chest	-0.3125	0.125	0.0	-0.1875	-0.125	-0.125	0.0625	0.625	0.125
piglin_brute	piglin_brute/body/0	body	chest	0.0	0.0	0.0	-0.25	0.0	-0.125	0.25	0.75	0.125
piglin_brute	piglin_brute/cloak/0	cloak	chest	0.0	0.0	0.0	-0.3125	0.0	-0.0625	0.3125	1.0	0.0
piglin_brute	piglin_brute/ear/0	ear	chest	0.0	0.0	0.0	-0.1875	-0.375	-0.0625	0.1875	0.0	0.0
piglin_brute	piglin_brute/head/0	head	head	0.0	0.0	0.0	-0.3125	-0.5	-0.25	0.3125	0.0	0.25
piglin_brute	piglin_brute/head/1	head	head	0.0	0.0	0.0	-0.125	-0.25	-0.3125	0.125	0.0	-0.25
piglin_brute	piglin_brute/head/2	head	head	0.0	0.0	0.0	0.125	-0.125	-0.3125	0.1875	0.0	-0.25
piglin_brute	piglin_brute/head/3	head	head	0.0	0.0	0.0	-0.1875	-0.125	-0.3125	-0.125	0.0	-0.25
piglin_brute	piglin_brute/head/left_ear/0	head/left_ear	head	0.28125	-0.375	0.0	0.0	-0.03125	-0.12499999	0.21037659	0.27063292	0.12499999
piglin_brute	piglin_brute/head/right_ear/0	head/right_ear	head	-0.28125	-0.375	0.0	-0.21037659	-0.03125	-0.12499999	0.0	0.27063292	0.12499999
piglin_brute	piglin_brute/jacket/0	jacket	chest	0.0	0.0	0.0	-0.25	0.0	-0.125	0.25	0.75	0.125
piglin_brute	piglin_brute/left_arm/0	left_arm	left_arm	0.3125	0.125	0.0	-0.0625	-0.125	-0.125	0.1875	0.625	0.125
piglin_brute	piglin_brute/left_leg/0	left_leg	left_leg	0.11875	0.75	0.0	-0.125	0.0	-0.125	0.125	0.75	0.125
piglin_brute	piglin_brute/left_pants/0	left_pants	chest	0.11875	0.75	0.0	-0.125	0.0	-0.125	0.125	0.75	0.125
piglin_brute	piglin_brute/left_sleeve/0	left_sleeve	chest	0.3125	0.125	0.0	-0.0625	-0.125	-0.125	0.1875	0.625	0.125
piglin_brute	piglin_brute/right_arm/0	right_arm	right_arm	-0.3125	0.125	0.0	-0.1875	-0.125	-0.125	0.0625	0.625	0.125
piglin_brute	piglin_brute/right_leg/0	right_leg	right_leg	-0.11875	0.75	0.0	-0.125	0.0	-0.125	0.125	0.75	0.125
piglin_brute	piglin_brute/right_pants/0	right_pants	chest	-0.11875	0.75	0.0	-0.125	0.0	-0.125	0.125	0.75	0.125
piglin_brute	piglin_brute/right_sleeve/0	right_sleeve	chest	-0.3125	0.125	0.0	-0.1875	-0.125	-0.125	0.0625	0.625	0.125
piglin_head	piglin_head/head/0	head	head	0.0	0.0	0.0	-0.3125	-0.5	-0.25	0.3125	0.0	0.25
piglin_head	piglin_head/head/1	head	head	0.0	0.0	0.0	-0.125	-0.25	-0.3125	0.125	0.0	-0.25
piglin_head	piglin_head/head/2	head	head	0.0	0.0	0.0	0.125	-0.125	-0.3125	0.1875	0.0	-0.25
piglin_head	piglin_head/head/3	head	head	0.0	0.0	0.0	-0.1875	-0.125	-0.3125	-0.125	0.0	-0.25
piglin_head	piglin_head/head/left_ear/0	head/left_ear	head	0.28125	-0.375	0.0	0.0	-0.03125	-0.12499999	0.21037659	0.27063292	0.12499999
piglin_head	piglin_head/head/right_ear/0	head/right_ear	head	-0.28125	-0.375	0.0	-0.21037659	-0.03125	-0.12499999	0.0	0.27063292	0.12499999
pillager	pillager/arms/0	arms	right_arm	0.0	0.1875	-0.0625	-0.49999997	-0.17666595	-0.34707564	-0.24999999	0.35958815	0.17666595
pillager	pillager/arms/1	arms	right_arm	0.0	0.1875	-0.0625	-0.24999999	0.0062562525	-0.34707564	0.24999999	0.35958815	0.0062562525
pillager	pillager/arms/left_shoulder/0	arms/left_shoulder	left_arm	0.0	0.1875	-0.0625	0.24999999	-0.17666595	-0.34707564	0.49999997	0.35958815	0.17666595
pillager	pillager/body/0	body	chest	0.0	0.0	0.0	-0.25	0.0	-0.1875	0.25	0.75	0.1875
pillager	pillager/body/1	body	chest	0.0	0.0	0.0	-0.25	0.0	-0.1875	0.25	1.25	0.1875
pillager	pillager/head/0	head	head	0.0	0.0	0.0	-0.25	-0.625	-0.25	0.25	0.0	0.25
pillager	pillager/head/hat/0	head/hat	head	0.0	0.0	0.0	-0.25	-0.625	-0.25	0.25	0.125	0.25
pillager	pillager/head/nose/0	head/nose	head	0.0	-0.125	0.0	-0.0625	-0.0625	-0.375	0.0625	0.1875	-0.25
pillager	pillager/left_arm/0	left_arm	left_arm	0.3125	0.125	0.0	-0.0625	-0.125	-0.125	0.1875	0.625	0.125
pillager	pillager/left_leg/0	left_leg	left_leg	0.125	0.75	0.0	-0.125	0.0	-0.125	0.125	0.75	0.125
pillager	pillager/right_arm/0	right_arm	right_arm	-0.3125	0.125	0.0	-0.1875	-0.125	-0.125	0.0625	0.625	0.125
pillager	pillager/right_leg/0	right_leg	right_leg	-0.125	0.75	0.0	-0.125	0.0	-0.125	0.125	0.75	0.125
player	player/body/0	body	chest	0.0	0.0	0.0	-0.25	0.0	-0.125	0.25	0.75	0.125
player	player/cloak/0	cloak	chest	0.0	0.0	0.0	-0.3125	0.0	-0.0625	0.3125	1.0	0.0
player	player/ear/0	ear	chest	0.0	0.0	0.0	-0.1875	-0.375	-0.0625	0.1875	0.0	0.0
player	player/hat/0	hat	chest	0.0	0.0	0.0	-0.25	-0.5	-0.25	0.25	0.0	0.25
player	player/head/0	head	head	0.0	0.0	0.0	-0.25	-0.5	-0.25	0.25	0.0	0.25
player	player/jacket/0	jacket	chest	0.0	0.0	0.0	-0.25	0.0	-0.125	0.25	0.75	0.125
player	player/left_arm/0	left_arm	left_arm	0.3125	0.125	0.0	-0.0625	-0.125	-0.125	0.1875	0.625	0.125
player	player/left_leg/0	left_leg	left_leg	0.11875	0.75	0.0	-0.125	0.0	-0.125	0.125	0.75	0.125
player	player/left_pants/0	left_pants	chest	0.11875	0.75	0.0	-0.125	0.0	-0.125	0.125	0.75	0.125
player	player/left_sleeve/0	left_sleeve	chest	0.3125	0.125	0.0	-0.0625	-0.125	-0.125	0.1875	0.625	0.125
player	player/right_arm/0	right_arm	right_arm	-0.3125	0.125	0.0	-0.1875	-0.125	-0.125	0.0625	0.625	0.125
player	player/right_leg/0	right_leg	right_leg	-0.11875	0.75	0.0	-0.125	0.0	-0.125	0.125	0.75	0.125
player	player/right_pants/0	right_pants	chest	-0.11875	0.75	0.0	-0.125	0.0	-0.125	0.125	0.75	0.125
player	player/right_sleeve/0	right_sleeve	chest	-0.3125	0.125	0.0	-0.1875	-0.125	-0.125	0.0625	0.625	0.125
player_head	player_head/head/0	head	head	0.0	0.0	0.0	-0.25	-0.5	-0.25	0.25	0.0	0.25
player_head	player_head/head/hat/0	head/hat	head	0.0	0.0	0.0	-0.25	-0.5	-0.25	0.25	0.0	0.25
player_slim	player_slim/body/0	body	chest	0.0	0.0	0.0	-0.25	0.0	-0.125	0.25	0.75	0.125
player_slim	player_slim/cloak/0	cloak	chest	0.0	0.0	0.0	-0.3125	0.0	-0.0625	0.3125	1.0	0.0
player_slim	player_slim/ear/0	ear	chest	0.0	0.0	0.0	-0.1875	-0.375	-0.0625	0.1875	0.0	0.0
player_slim	player_slim/hat/0	hat	chest	0.0	0.0	0.0	-0.25	-0.5	-0.25	0.25	0.0	0.25
player_slim	player_slim/head/0	head	head	0.0	0.0	0.0	-0.25	-0.5	-0.25	0.25	0.0	0.25
player_slim	player_slim/jacket/0	jacket	chest	0.0	0.0	0.0	-0.25	0.0	-0.125	0.25	0.75	0.125
player_slim	player_slim/left_arm/0	left_arm	left_arm	0.3125	0.15625	0.0	-0.0625	-0.125	-0.125	0.125	0.625	0.125
player_slim	player_slim/left_leg/0	left_leg	left_leg	0.11875	0.75	0.0	-0.125	0.0	-0.125	0.125	0.75	0.125
player_slim	player_slim/left_pants/0	left_pants	chest	0.11875	0.75	0.0	-0.125	0.0	-0.125	0.125	0.75	0.125
player_slim	player_slim/left_sleeve/0	left_sleeve	chest	0.3125	0.15625	0.0	-0.0625	-0.125	-0.125	0.125	0.625	0.125
player_slim	player_slim/right_arm/0	right_arm	right_arm	-0.3125	0.15625	0.0	-0.125	-0.125	-0.125	0.0625	0.625	0.125
player_slim	player_slim/right_leg/0	right_leg	right_leg	-0.11875	0.75	0.0	-0.125	0.0	-0.125	0.125	0.75	0.125
player_slim	player_slim/right_pants/0	right_pants	chest	-0.11875	0.75	0.0	-0.125	0.0	-0.125	0.125	0.75	0.125
player_slim	player_slim/right_sleeve/0	right_sleeve	chest	-0.3125	0.15625	0.0	-0.125	-0.125	-0.125	0.0625	0.625	0.125
polar_bear	polar_bear/body/0	body	chest	-0.125	0.5625	0.75	-0.31249997	-0.25	-0.81249994	0.56249994	0.4375	0.0625
polar_bear	polar_bear/body/1	body	chest	-0.125	0.5625	0.75	-0.25	-0.1875	-1.5624999	0.49999997	0.4375	-0.81249994
polar_bear	polar_bear/head/0	head	head	0.0	0.625	-1.0	-0.21875	-0.1875	-0.1875	0.21875	0.25	0.25
polar_bear	polar_bear/head/1	head	head	0.0	0.625	-1.0	-0.15625	0.0625	-0.375	0.15625	0.25	-0.1875
polar_bear	polar_bear/head/2	head	head	0.0	0.625	-1.0	-0.28125	-0.25	-0.0625	-0.15625	-0.125	0.0
polar_bear	polar_bear/head/3	head	head	0.0	0.625	-1.0	0.15625	-0.25	-0.0625	0.28125	-0.125	0.0
polar_bear	polar_bear/left_front_leg/0	left_front_leg	left_leg	0.21875	0.875	-0.5	-0.125	0.0	-0.125	0.125	0.625	0.25
polar_bear	polar_bear/left_hind_leg/0	left_hind_leg	left_leg	0.28125	0.875	0.375	-0.125	0.0	-0.125	0.125	0.625	0.375
polar_bear	polar_bear/right_front_leg/0	right_front_leg	right_leg	-0.21875	0.875	-0.5	-0.125	0.0	-0.125	0.125	0.625	0.25
polar_bear	polar_bear/right_hind_leg/0	right_hind_leg	right_leg	-0.28125	0.875	0.375	-0.125	0.0	-0.125	0.125	0.625	0.375
pufferfish_big	pufferfish_big/body/0	body	chest	0.0	1.375	0.0	-0.25	-0.5	-0.25	0.25	0.0	0.25
pufferfish_big	pufferfish_big/bottom_back_fin/0	bottom_back_fin	chest	0.0	1.375	0.25	-0.25	0.0	0.0	0.25	0.04419422	0.044194162
pufferfish_big	pufferfish_big/bottom_front_fin/0	bottom_front_fin	chest	0.0	1.375	-0.25	-0.25	0.0	-0.044194162	0.25	0.04419422	0.0
pufferfish_big	pufferfish_big/bottom_middle_fin/0	bottom_middle_fin	chest	0.0	1.375	0.0	-0.25	0.0	0.0	0.25	0.0625	0.0
pufferfish_big	pufferfish_big/left_back_fin/0	left_back_fin	chest	0.25	1.375	0.25	0.0	-0.5	0.0	0.044194162	0.0	0.044194162
pufferfish_big	pufferfish_big/left_blue_fin/0	left_blue_fin	chest	0.25	0.9375	-0.125	0.0	0.0	-0.0625	0.125	0.0625	0.0625
pufferfish_big	pufferfish_big/left_front_fin/0	left_front_fin	chest	0.25	1.375	-0.25	0.0	-0.5	-0.044194162	0.044194162	0.0	0.0
pufferfish_big	pufferfish_big/right_back_fin/0	right_back_fin	chest	-0.25	1.375	0.25	-0.044194162	-0.5	0.0	0.0	0.0	0.044194162
pufferfish_big	pufferfish_big/right_blue_fin/0	right_blue_fin	chest	-0.25	0.9375	-0.125	-0.125	0.0	-0.0625	0.0	0.0625	0.0625
pufferfish_big	pufferfish_big/right_front_fin/0	right_front_fin	chest	-0.25	1.375	-0.25	-0.044194162	-0.5	-0.044194162	0.0	0.0	0.0
pufferfish_big	pufferfish_big/top_back_fin/0	top_back_fin	chest	0.0	0.875	0.25	-0.25	-0.044194162	0.0	0.25	0.0	0.044194162
pufferfish_big	pufferfish_big/top_front_fin/0	top_front_fin	chest	0.0	0.875	-0.25	-0.25	-0.044194162	-0.044194162	0.25	0.0	0.0
pufferfish_big	pufferfish_big/top_middle_fin/0	top_middle_fin	chest	0.0	0.875	0.0	-0.25	-0.0625	0.0	0.25	0.0	0.0625
pufferfish_medium	pufferfish_medium/body/0	body	chest	0.0	1.375	0.0	-0.15625	-0.3125	-0.15625	0.15625	0.0	0.15625
pufferfish_medium	pufferfish_medium/bottom_back_fin/0	bottom_back_fin	chest	0.03125	1.375	0.15625	0.0	-0.04419422	0.0	0.0625	0.04419422	0.08838834
pufferfish_medium	pufferfish_medium/bottom_front_fin/0	bottom_front_fin	chest	0.0	1.375	-0.15625	-0.15625	0.0	-0.044194177	0.15625	0.08838844	0.04419417
pufferfish_medium	pufferfish_medium/left_back_fin/0	left_back_fin	chest	0.15625	1.375	0.15625	-0.044194177	-0.3125	0.0	0.044194162	0.0	0.08838834
pufferfish_medium	pufferfish_medium/left_blue_fin/0	left_blue_fin	chest	0.15625	1.0625	-0.09375	0.0	0.0	0.0	0.125	0.0	0.125
pufferfish_medium	pufferfish_medium/left_front_fin/0	left_front_fin	chest	0.15625	1.375	-0.15625	0.0	-0.3125	-0.044194177	0.08838835	0.0	0.04419417
pufferfish_medium	pufferfish_medium/right_back_fin/0	right_back_fin	chest	-0.15625	1.375	0.15625	-0.044194162	-0.3125	0.0	0.044194177	0.0	0.08838834
pufferfish_medium	pufferfish_medium/right_blue_fin/0	right_blue_fin	chest	-0.15625	1.0625	-0.09375	-0.125	0.0	0.0	0.0	0.0	0.125
pufferfish_medium	pufferfish_medium/right_front_fin/0	right_front_fin	chest	-0.15625	1.375	-0.15625	-0.08838835	-0.3125	-0.044194177	0.0	0.0	0.04419417
pufferfish_medium	pufferfish_medium/top_back_fin/0	top_back_fin	chest	0.0	1.0625	0.15625	-0.15625	-0.08838838	-0.04419417	0.15625	0.0	0.044194177
pufferfish_medium	pufferfish_medium/top_front_fin/0	top_front_fin	chest	0.0	1.0625	-0.15625	-0.15625	-0.08838838	-0.044194177	0.15625	0.0	0.04419417
pufferfish_small	pufferfish_small/back_fin/0	back_fin	chest	0.0	1.375	0.09375	-0.09375	0.0	0.0	0.09375	0.0	0.1875
pufferfish_small	pufferfish_small/body/0	body	chest	0.0	1.4375	0.0	-0.09375	-0.125	-0.09375	0.09375	0.0	0.09375
pufferfish_small	pufferfish_small/left_eye/0	left_eye	chest	0.0	1.25	0.0	0.03125	0.0	-0.09375	0.09375	0.0625	-0.03125
pufferfish_small	pufferfish_small/left_fin/0	left_fin	chest	0.09375	1.375	-0.09375	0.0	0.0	0.0	0.0625	0.0	0.125
pufferfish_small	pufferfish_small/right_eye/0	right_eye	chest	0.0	1.25	0.0	-0.09375	0.0	-0.09375	-0.03125	0.0625	-0.03125
pufferfish_small	pufferfish_small/right_fin/0	right_fin	chest	-0.09375	1.375	-0.09375	-0.0625	0.0	0.0	0.0	0.0	0.125
rabbit	rabbit/body/0	body	chest	0.0	1.1875	0.5	-0.18749999	-0.33122414	-0.6514366	0.18749999	0.1761924	0.042752504
rabbit	rabbit/head/0	head	head	0.0	1.0	-0.0625	-0.15625	-0.25	-0.3125	0.15625	0.0	0.0
rabbit	rabbit/left_ear/0	left_ear	chest	0.0	1.0	-0.0625	0.014008991	-0.5625	-0.100810856	0.15092592	-0.25	-0.008088097
rabbit	rabbit/left_front_leg/0	left_front_leg	left_leg	0.1875	1.0625	-0.0625	-0.0625	-0.010853052	-0.13752156	0.0625	0.44170642	0.061550487
rabbit	rabbit/left_haunch/0	left_haunch	chest	0.1875	1.09375	0.23125	-0.0625	0.0	-0.08550502	0.0625	0.3418044	0.29365396
rabbit	rabbit/left_hind_foot/0	left_hind_foot	left_leg	0.1875	1.09375	0.23125	-0.0625	0.34375	-0.23125	0.0625	0.40625	0.20625
rabbit	rabbit/nose/0	nose	head	0.0	1.0	-0.0625	-0.03125	-0.15625	-0.34375	0.03125	-0.09375	-0.28125
rabbit	rabbit/right_ear/0	right_ear	chest	0.0	1.0	-0.0625	-0.15092592	-0.5625	-0.100810856	-0.014008991	-0.25	-0.008088097
rabbit	rabbit/right_front_leg/0	right_front_leg	right_leg	-0.1875	1.0625	-0.0625	-0.0625	-0.010853052	-0.13752156	0.0625	0.44170642	0.061550487
rabbit	rabbit/right_haunch/0	right_haunch	chest	-0.1875	1.09375	0.23125	-0.0625	0.0	-0.08550502	0.0625	0.3418044	0.29365396
rabbit	rabbit/right_hind_foot/0	right_hind_foot	right_leg	-0.1875	1.09375	0.23125	-0.0625	0.34375	-0.23125	0.0625	0.40625	0.20625
rabbit	rabbit/tail/0	tail	chest	0.0	1.25	0.4375	-0.09374999	-0.08809614	-0.03206438	0.09374999	0.13084865	0.14952594
ravager	ravager/body/0	body	chest	0.0	0.0625	0.125	-0.43749997	-0.81249994	-0.62499994	0.43749997	0.43749997	0.37499997
ravager	ravager/body/1	body	chest	0.0	0.0625	0.125	-0.37499997	-0.68749994	0.37499997	0.37499997	0.43749997	1.1874999
ravager	ravager/left_front_leg/0	left_front_leg	left_leg	0.5	-0.8125	-0.3125	-0.25	0.0	-0.25	0.25	2.3125	0.25
ravager	ravager/left_hind_leg/0	left_hind_leg	left_leg	0.5	-0.8125	1.125	-0.25	0.0	-0.25	0.25	2.3125	0.25
ravager	ravager/neck/0	neck	head	0.0	-0.4375	0.34375	-0.3125	-0.0625	-1.125	0.3125	0.5625	0.0
ravager	ravager/neck/head/0	neck/head	head	0.0	0.5625	-0.71875	-0.5	-1.25	-0.875	0.5	0.0	0.125
ravager	ravager/neck/head/1	neck/head	head	0.0	0.5625	-0.71875	-0.125	-0.375	-1.125	0.125	0.125	-0.875
ravager	ravager/neck/head/left_horn/0	neck/head/left_horn	head	0.5	-0.3125	-1.21875	0.0	-0.5086175	-0.8363795	0.125	0.11137581	0.056748867
ravager	ravager/neck/head/mouth/0	neck/head/mouth	head	0.0	0.4375	-0.59375	-0.5	0.0	-1.0	0.5	0.1875	0.0
ravager	ravager/neck/head/right_horn/0	neck/head/right_horn	head	-0.625	-0.3125	-1.21875	0.0	-0.5086175	-0.8363795	0.125	0.11137581	0.056748867
ravager	ravager/right_front_leg/0	right_front_leg	right_leg	-0.5	-0.8125	-0.3125	-0.25	0.0	-0.25	0.25	2.3125	0.25
ravager	ravager/right_hind_leg/0	right_hind_leg	right_leg	-0.5	-0.8125	1.125	-0.25	0.0	-0.25	0.25	2.3125	0.25
salmon	salmon/body_back/0	body_back	chest	0.0	1.25	0.5	-0.09375	-0.15625	0.0	0.09375	0.15625	0.5
salmon	salmon/body_back/back_fin/0	body_back/back_fin	chest	0.0	1.25	1.0	0.0	-0.15625	0.0	0.0	0.15625	0.375
salmon	salmon/body_back/top_back_fin/0	body_back/top_back_fin	chest	0.0	0.96875	0.4375	0.0	0.0	0.0	0.0	0.125	0.25
salmon	salmon/body_front/0	body_front	chest	0.0	1.25	0.0	-0.09375	-0.15625	0.0	0.09375	0.15625	0.5
salmon	salmon/body_front/top_front_fin/0	body_front/top_front_fin	chest	0.0	0.96875	0.3125	0.0	0.0	0.0	0.0	0.125	0.1875
salmon	salmon/head/0	head	head	0.0	1.25	0.0	-0.0625	-0.125	-0.1875	0.0625	0.125	0.0
salmon	salmon/left_fin/0	left_fin	chest	0.09375	1.34375	0.0	0.0	0.0	0.0	0.08838834	0.088388324	0.125
salmon	salmon/right_fin/0	right_fin	chest	-0.09375	1.34375	0.0	-0.08838834	0.0	0.0	0.0	0.088388324	0.125
sheep	sheep/body/0	body	chest	0.0	0.3125	0.125	-0.24999999	0.0625	-0.62499994	0.24999999	0.4375	0.37499997
sheep	sheep/head/0	head	head	0.0	0.375	-0.5	-0.1875	-0.25	-0.375	0.1875	0.125	0.125
sheep	sheep/left_front_leg/0	left_front_leg	left_leg	0.1875	0.75	-0.3125	-0.125	0.0	-0.125	0.125	0.75	0.125
sheep	sheep/left_hind_leg/0	left_hind_leg	left_leg	0.1875	0.75	0.4375	-0.125	0.0	-0.125	0.125	0.75	0.125
sheep	sheep/right_front_leg/0	right_front_leg	right_leg	-0.1875	0.75	-0.3125	-0.125	0.0	-0.125	0.125	0.75	0.125
sheep	sheep/right_hind_leg/0	right_hind_leg	right_leg	-0.1875	0.75	0.4375	-0.125	0.0	-0.125	0.125	0.75	0.125
shield	shield/handle/0	handle	right_arm	0.0	0.0	0.0	-0.0625	-0.1875	-0.0625	0.0625	0.1875	0.3125
shield	shield/plate/0	plate	chest	0.0	0.0	0.0	-0.375	-0.6875	-0.125	0.375	0.6875	-0.0625
shulker	shulker/base/0	base	chest	0.0	1.5	0.0	-0.5	-0.5	-0.5	0.5	0.0	0.5
shulker	shulker/head/0	head	head	0.0	0.75	0.0	-0.1875	0.0	-0.1875	0.1875	0.375	0.1875
shulker	shulker/lid/0	lid	chest	0.0	1.5	0.0	-0.5	-1.0	-0.5	0.5	-0.25	0.5
shulker_bullet	shulker_bullet/main/0	main	chest	0.0	0.0	0.0	-0.25	-0.25	-0.0625	0.25	0.25	0.0625
shulker_bullet	shulker_bullet/main/1	main	chest	0.0	0.0	0.0	-0.0625	-0.25	-0.25	0.0625	0.25	0.25
shulker_bullet	shulker_bullet/main/2	main	chest	0.0	0.0	0.0	-0.25	-0.0625	-0.25	0.25	0.0625	0.25
sign/acacia	sign/acacia/sign/0	sign	chest	0.0	0.0	0.0	-0.75	-0.875	-0.0625	0.75	-0.125	0.0625
sign/acacia	sign/acacia/stick/0	stick	chest	0.0	0.0	0.0	-0.0625	-0.125	-0.0625	0.0625	0.75	0.0625
sign/bamboo	sign/bamboo/sign/0	sign	chest	0.0	0.0	0.0	-0.75	-0.875	-0.0625	0.75	-0.125	0.0625
sign/bamboo	sign/bamboo/stick/0	stick	chest	0.0	0.0	0.0	-0.0625	-0.125	-0.0625	0.0625	0.75	0.0625
sign/birch	sign/birch/sign/0	sign	chest	0.0	0.0	0.0	-0.75	-0.875	-0.0625	0.75	-0.125	0.0625
sign/birch	sign/birch/stick/0	stick	chest	0.0	0.0	0.0	-0.0625	-0.125	-0.0625	0.0625	0.75	0.0625
sign/cherry	sign/cherry/sign/0	sign	chest	0.0	0.0	0.0	-0.75	-0.875	-0.0625	0.75	-0.125	0.0625
sign/cherry	sign/cherry/stick/0	stick	chest	0.0	0.0	0.0	-0.0625	-0.125	-0.0625	0.0625	0.75	0.0625
sign/crimson	sign/crimson/sign/0	sign	chest	0.0	0.0	0.0	-0.75	-0.875	-0.0625	0.75	-0.125	0.0625
sign/crimson	sign/crimson/stick/0	stick	chest	0.0	0.0	0.0	-0.0625	-0.125	-0.0625	0.0625	0.75	0.0625
sign/dark_oak	sign/dark_oak/sign/0	sign	chest	0.0	0.0	0.0	-0.75	-0.875	-0.0625	0.75	-0.125	0.0625
sign/dark_oak	sign/dark_oak/stick/0	stick	chest	0.0	0.0	0.0	-0.0625	-0.125	-0.0625	0.0625	0.75	0.0625
sign/jungle	sign/jungle/sign/0	sign	chest	0.0	0.0	0.0	-0.75	-0.875	-0.0625	0.75	-0.125	0.0625
sign/jungle	sign/jungle/stick/0	stick	chest	0.0	0.0	0.0	-0.0625	-0.125	-0.0625	0.0625	0.75	0.0625
sign/mangrove	sign/mangrove/sign/0	sign	chest	0.0	0.0	0.0	-0.75	-0.875	-0.0625	0.75	-0.125	0.0625
sign/mangrove	sign/mangrove/stick/0	stick	chest	0.0	0.0	0.0	-0.0625	-0.125	-0.0625	0.0625	0.75	0.0625
sign/oak	sign/oak/sign/0	sign	chest	0.0	0.0	0.0	-0.75	-0.875	-0.0625	0.75	-0.125	0.0625
sign/oak	sign/oak/stick/0	stick	chest	0.0	0.0	0.0	-0.0625	-0.125	-0.0625	0.0625	0.75	0.0625
sign/spruce	sign/spruce/sign/0	sign	chest	0.0	0.0	0.0	-0.75	-0.875	-0.0625	0.75	-0.125	0.0625
sign/spruce	sign/spruce/stick/0	stick	chest	0.0	0.0	0.0	-0.0625	-0.125	-0.0625	0.0625	0.75	0.0625
sign/warped	sign/warped/sign/0	sign	chest	0.0	0.0	0.0	-0.75	-0.875	-0.0625	0.75	-0.125	0.0625
sign/warped	sign/warped/stick/0	stick	chest	0.0	0.0	0.0	-0.0625	-0.125	-0.0625	0.0625	0.75	0.0625
silverfish	silverfish/layer0/0	layer0	chest	0.0	1.0	0.0625	-0.3125	0.0	-0.09375	0.3125	0.5	0.09375
silverfish	silverfish/layer1/0	layer1	chest	0.0	1.25	0.4375	-0.1875	0.0	-0.09375	0.1875	0.25	0.09375
silverfish	silverfish/layer2/0	layer2	chest	0.0	1.1875	-0.09375	-0.1875	0.0	-0.09375	0.1875	0.3125	0.03125
silverfish	silverfish/segment0/0	segment0	chest	0.0	1.375	-0.21875	-0.09375	0.0	-0.0625	0.09375	0.125	0.0625
silverfish	silverfish/segment1/0	segment1	chest	0.0	1.3125	-0.09375	-0.125	0.0	-0.0625	0.125	0.1875	0.0625
silverfish	silverfish/segment2/0	segment2	chest	0.0	1.25	0.0625	-0.1875	0.0	-0.09375	0.1875	0.25	0.09375
silverfish	silverfish/segment3/0	segment3	chest	0.0	1.3125	0.25	-0.09375	0.0	-0.09375	0.09375	0.1875	0.09375
silverfish	silverfish/segment4/0	segment4	chest	0.0	1.375	0.4375	-0.0625	0.0	-0.09375	0.0625	0.125	0.09375
silverfish	silverfish/segment5/0	segment5	chest	0.0	1.4375	0.59375	-0.0625	0.0	-0.0625	0.0625	0.0625	0.0625
silverfish	silverfish/segment6/0	segment6	chest	0.0	1.4375	0.71875	-0.03125	0.0	-0.0625	0.03125	0.0625	0.0625
skeleton	skeleton/body/0	body	chest	0.0	0.0	0.0	-0.25	0.0	-0.125	0.25	0.75	0.125
skeleton	skeleton/hat/0	hat	chest	0.0	0.0	0.0	-0.25	-0.5	-0.25	0.25	0.0	0.25
skeleton	skeleton/head/0	head	head	0.0	0.0	0.0	-0.25	-0.5	-0.25	0.25	0.0	0.25
skeleton	skeleton/left_arm/0	left_arm	left_arm	0.3125	0.125	0.0	-0.0625	-0.125	-0.0625	0.0625	0.625	0.0625
skeleton	skeleton/left_leg/0	left_leg	left_leg	0.125	0.75	0.0	-0.0625	0.0	-0.0625	0.0625	0.75	0.0625
skeleton	skeleton/right_arm/0	right_arm	right_arm	-0.3125	0.125	0.0	-0.0625	-0.125	-0.0625	0.0625	0.625	0.0625
skeleton	skeleton/right_leg/0	right_leg	right_leg	-0.125	0.75	0.0	-0.0625	0.0	-0.0625	0.0625	0.75	0.0625
skeleton_horse	skeleton_horse/body/0	body	chest	0.0	0.6875	0.3125	-0.3125	-0.5	-1.0625	0.3125	0.125	0.3125
skeleton_horse	skeleton_horse/body/saddle/0	body/saddle	chest	0.0	0.6875	0.3125	-0.3125	-0.5	-0.5625	0.3125	0.0625	0.0
skeleton_horse	skeleton_horse/body/tail/0	body/tail	chest	0.0	0.375	0.4375	-0.09374999	-0.125	0.0	0.09374999	0.7577722	0.65400636
skeleton_horse	skeleton_horse/head_parts/0	head_parts	head	0.0	0.25	-0.75	-0.12812498	-0.4810095	-0.29575324	0.121874996	0.38725948	0.45813292
skeleton_horse	skeleton_horse/head_parts/head/0	head_parts/head	head	0.0	0.25	-0.75	-0.18749999	-0.75164247	-0.45200324	0.18749999	-0.2622595	0.08313292
skeleton_horse	skeleton_horse/head_parts/head/left_ear/0	head_parts/head/left_ear	head	0.0	0.25	-0.75	0.034374997	-0.85989565	-0.18974364	0.15937498	-0.66626585	-0.041867077
skeleton_horse	skeleton_horse/head_parts/head/right_ear/0	head_parts/head/right_ear	head	0.0	0.25	-0.75	-0.15937498	-0.85989565	-0.18974364	-0.034374993	-0.66626585	-0.041867077
skeleton_horse	skeleton_horse/head_parts/head_saddle/0	head_parts/head_saddle	head	0.0	0.25	-0.75	-0.18749999	-0.7235175	-0.44659054	0.18749999	-0.26538453	0.034419
skeleton_horse	skeleton_horse/head_parts/left_saddle_line/0	head_parts/left_saddle_line	head	0.0	0.25	-0.75	0.19374996	-0.375	-0.5	0.19374996	-0.1875	0.5
skeleton_horse	skeleton_horse/head_parts/left_saddle_mouth/0	head_parts/left_saddle_mouth	head	0.0	0.25	-0.75	0.12499999	-0.36213928	-0.6060095	0.18749999	-0.1913861	-0.43525636
skeleton_horse	skeleton_horse/head_parts/mane/0	head_parts/mane	head	0.0	0.25	-0.75	-0.062499996	-0.814455	-0.07257581	0.062499996	0.114070415	0.5356774
skeleton_horse	skeleton_horse/head_parts/mouth_saddle_wrap/0	head_parts/mouth_saddle_wrap	head	0.0	0.25	-0.75	-0.12499999	-0.53289247	-0.56025636	0.12499999	-0.19975951	-0.29575324
skeleton_horse	skeleton_horse/head_parts/right_saddle_line/0	head_parts/right_saddle_line	head	0.0	0.25	-0.75	-0.19374996	-0.375	-0.5	-0.19374996	-0.1875	0.5
skeleton_horse	skeleton_horse/head_parts/right_saddle_mouth/0	head_parts/right_saddle_mouth	head	0.0	0.25	-0.75	-0.18749999	-0.36213928	-0.6060095	-0.12499999	-0.1913861	-0.43525636
skeleton_horse	skeleton_horse/head_parts/upper_mouth/0	head_parts/upper_mouth	head	0.0	0.25	-0.75	-0.12499999	-0.53289247	-0.7226361	0.12499999	-0.10600951	-0.29575324
skeleton_horse	skeleton_horse/left_front_baby_leg/0	left_front_baby_leg	left_leg	0.25	0.875	-0.75	-0.1875	-0.063125014	-0.118749976	0.0625	0.624375	0.13125002
skeleton_horse	skeleton_horse/left_front_leg/0	left_front_leg	left_leg	0.25	0.875	-0.75	-0.1875	-0.063125014	-0.118749976	0.0625	0.624375	0.13125002
skeleton_horse	skeleton_horse/left_hind_baby_leg/0	left_hind_baby_leg	left_leg	0.25	0.875	0.4375	-0.1875	-0.063125014	-0.0625	0.0625	0.624375	0.1875
skeleton_horse	skeleton_horse/left_hind_leg/0	left_hind_leg	left_leg	0.25	0.875	0.4375	-0.1875	-0.063125014	-0.0625	0.0625	0.624375	0.1875
skeleton_horse	skeleton_horse/right_front_baby_leg/0	right_front_baby_leg	right_leg	-0.25	0.875	-0.75	-0.0625	-0.063125014	-0.118749976	0.1875	0.624375	0.13125002
skeleton_horse	skeleton_horse/right_front_leg/0	right_front_leg	right_leg	-0.25	0.875	-0.75	-0.0625	-0.063125014	-0.118749976	0.1875	0.624375	0.13125002
skeleton_horse	skeleton_horse/right_hind_baby_leg/0	right_hind_baby_leg	right_leg	-0.25	0.875	0.4375	-0.0625	-0.063125014	-0.0625	0.1875	0.624375	0.1875
skeleton_horse	skeleton_horse/right_hind_leg/0	right_hind_leg	right_leg	-0.25	0.875	0.4375	-0.0625	-0.063125014	-0.0625	0.1875	0.624375	0.1875
skeleton_skull	skeleton_skull/head/0	head	head	0.0	0.0	0.0	-0.25	-0.5	-0.25	0.25	0.0	0.25
slime	slime/cube/0	cube	chest	0.0	0.0	0.0	-0.1875	1.0625	-0.1875	0.1875	1.4375	0.1875
slime	slime/left_eye/0	left_eye	chest	0.0	0.0	0.0	0.078125	1.125	-0.21875	0.203125	1.25	-0.09375
slime	slime/mouth/0	mouth	chest	0.0	0.0	0.0	0.0	1.3125	-0.21875	0.0625	1.375	-0.15625
slime	slime/right_eye/0	right_eye	chest	0.0	0.0	0.0	-0.203125	1.125	-0.21875	-0.078125	1.25	-0.09375
sniffer	sniffer/root/bone/body/0	root/bone/body	chest	0.0	0.3125	0.0	-0.78125	-0.875	-1.25	0.78125	0.9375	1.25
sniffer	sniffer/root/bone/body/1	root/bone/body	chest	0.0	0.3125	0.0	-0.78125	-0.875	-1.25	0.78125	0.625	1.25
sniffer	sniffer/root/bone/body/2	root/bone/body	chest	0.0	0.3125	0.0	-0.78125	0.75	-1.25	0.78125	0.75	1.25
sniffer	sniffer/root/bone/body/head/0	root/bone/body/head	head	0.0	0.71875	-1.2175	-0.40625	-0.46875	-0.71875	0.40625	0.65625	-0.03125
sniffer	sniffer/root/bone/body/head/1	root/bone/body/head	head	0.0	0.71875	-1.2175	-0.40625	0.46875	-0.71875	0.40625	0.46875	-0.03125
sniffer	sniffer/root/bone/body/head/left_ear/0	root/bone/body/head/left_ear	head	0.406875	0.25	-1.499375	0.0	0.0	-0.1875	0.0625	1.1875	0.25
sniffer	sniffer/root/bone/body/head/lower_beak/0	root/bone/body/head/lower_beak	head	0.0	0.875	-1.99875	-0.40625	-0.4375	-0.5	0.40625	0.3125	0.0625
sniffer	sniffer/root/bone/body/head/nose/0	root/bone/body/head/nose	head	0.0	0.4375	-1.93625	-0.40625	-0.125	-0.5625	0.40625	0.0	0.0
sniffer	sniffer/root/bone/body/head/right_ear/0	root/bone/body/head/right_ear	head	-0.406875	0.25	-1.499375	-0.0625	0.0	-0.1875	0.0	1.1875	0.25
sniffer	sniffer/root/bone/left_front_leg/0	root/bone/left_front_leg	left_leg	0.46875	0.9375	-0.9375	-0.21875	-0.0625	-0.25	0.21875	0.5625	0.25
sniffer	sniffer/root/bone/left_hind_leg/0	root/bone/left_hind_leg	left_leg	0.46875	0.9375	0.9375	-0.21875	-0.0625	-0.25	0.21875	0.5625	0.25
sniffer	sniffer/root/bone/left_mid_leg/0	root/bone/left_mid_leg	left_leg	0.46875	0.9375	0.0	-0.21875	-0.0625	-0.25	0.21875	0.5625	0.25
sniffer	sniffer/root/bone/right_front_leg/0	root/bone/right_front_leg	right_leg	-0.46875	0.9375	-0.9375	-0.21875	-0.0625	-0.25	0.21875	0.5625	0.25
sniffer	sniffer/root/bone/right_hind_leg/0	root/bone/right_hind_leg	right_leg	-0.46875	0.9375	0.9375	-0.21875	-0.0625	-0.25	0.21875	0.5625	0.25
sniffer	sniffer/root/bone/right_mid_leg/0	root/bone/right_mid_leg	right_leg	-0.46875	0.9375	0.0	-0.21875	-0.0625	-0.25	0.21875	0.5625	0.25
snow_golem	snow_golem/head/0	head	head	0.0	0.25	0.0	-0.25	-0.5	-0.25	0.25	0.0	0.25
snow_golem	snow_golem/left_arm/0	left_arm	left_arm	0.3125	0.375	0.0625	-0.13895276	-0.05259195	-0.0625	0.37145782	0.646049	0.0625
snow_golem	snow_golem/lower_body/0	lower_body	chest	0.0	1.5	0.0	-0.375	-0.75	-0.375	0.375	0.0	0.375
snow_golem	snow_golem/right_arm/0	right_arm	right_arm	-0.3125	0.375	-0.0625	-0.37145782	-0.05259195	-0.0625	0.13895276	0.646049	0.0625
snow_golem	snow_golem/upper_body/0	upper_body	chest	0.0	0.8125	0.0	-0.3125	-0.625	-0.3125	0.3125	0.0	0.3125
spawner_minecart	spawner_minecart/back/0	back	chest	0.5625	0.25	0.0	-0.0625	-0.56249994	-0.49999997	0.0625	-0.0625	0.49999997
spawner_minecart	spawner_minecart/bottom/0	bottom	chest	0.0	0.25	0.0	-0.62499994	-0.0625	-0.49999997	0.62499994	0.0625	0.49999997
spawner_minecart	spawner_minecart/front/0	front	chest	-0.5625	0.25	0.0	-0.0625	-0.56249994	-0.49999997	0.0625	-0.0625	0.49999997
spawner_minecart	spawner_minecart/left/0	left	chest	0.0	0.25	-0.4375	-0.5	-0.5625	-0.0625	0.5	-0.0625	0.0625
spawner_minecart	spawner_minecart/right/0	right	chest	0.0	0.25	0.4375	-0.5	-0.5625	-0.0625	0.5	-0.0625	0.0625
spider	spider/body0/0	body0	chest	0.0	0.9375	0.0	-0.1875	-0.1875	-0.1875	0.1875	0.1875	0.1875
spider	spider/body1/0	body1	chest	0.0	0.9375	0.5625	-0.3125	-0.25	-0.375	0.3125	0.25	0.375
spider	spider/head/0	head	head	0.0	0.9375	-0.1875	-0.25	-0.25	-0.5	0.25	0.25	0.0
spider	spider/left_front_leg/0	left_front_leg	left_leg	0.25	0.9375	-0.0625	-0.0625	-0.0625	-0.0625	0.9375	0.0625	0.0625
spider	spider/left_hind_leg/0	left_hind_leg	left_leg	0.25	0.9375	0.125	-0.0625	-0.0625	-0.0625	0.9375	0.0625	0.0625
spider	spider/left_middle_front_leg/0	left_middle_front_leg	left_leg	0.25	0.9375	0.0	-0.0625	-0.0625	-0.0625	0.9375	0.0625	0.0625
spider	spider/left_middle_hind_leg/0	left_middle_hind_leg	left_leg	0.25	0.9375	0.0625	-0.0625	-0.0625	-0.0625	0.9375	0.0625	0.0625
spider	spider/right_front_leg/0	right_front_leg	right_leg	-0.25	0.9375	-0.0625	-0.9375	-0.0625	-0.0625	0.0625	0.0625	0.0625
spider	spider/right_hind_leg/0	right_hind_leg	right_leg	-0.25	0.9375	0.125	-0.9375	-0.0625	-0.0625	0.0625	0.0625	0.0625
spider	spider/right_middle_front_leg/0	right_middle_front_leg	right_leg	-0.25	0.9375	0.0	-0.9375	-0.0625	-0.0625	0.0625	0.0625	0.0625
spider	spider/right_middle_hind_leg/0	right_middle_hind_leg	right_leg	-0.25	0.9375	0.0625	-0.9375	-0.0625	-0.0625	0.0625	0.0625	0.0625
spin_attack	spin_attack/box/0	box	chest	0.0	0.0	0.0	-0.5	-1.0	-0.5	0.5	1.0	0.5
squid	squid/body/0	body	chest	0.0	0.5	0.0	-0.375	-0.5	-0.375	0.375	0.5	0.375
squid	squid/tentacle0/0	tentacle0	chest	0.3125	0.9375	0.0	-0.0625	0.0	-0.062499996	0.0625	1.125	0.062499996
squid	squid/tentacle1/0	tentacle1	chest	0.22097087	0.9375	0.22097087	-0.08838835	0.0	-0.08838834	0.088388324	1.125	0.088388324
squid	squid/tentacle2/0	tentacle2	chest	1.9135106E-17	0.9375	0.3125	-0.0625	0.0	-0.0625	0.0625	1.125	0.0625
squid	squid/tentacle3/0	tentacle3	chest	-0.22097087	0.9375	0.22097087	-0.088388324	0.0	-0.08838834	0.08838835	1.125	0.088388324
squid	squid/tentacle4/0	tentacle4	chest	-0.3125	0.9375	3.8270212E-17	-0.0625	0.0	-0.062499996	0.0625	1.125	0.062499996
squid	squid/tentacle5/0	tentacle5	chest	-0.22097087	0.9375	-0.22097087	-0.088388324	0.0	-0.088388324	0.08838835	1.125	0.08838834
squid	squid/tentacle6/0	tentacle6	chest	-5.7405315E-17	0.9375	-0.3125	-0.0625	0.0	-0.0625	0.0625	1.125	0.0625
squid	squid/tentacle7/0	tentacle7	chest	0.22097087	0.9375	-0.22097087	-0.08838835	0.0	-0.08838835	0.08838835	1.125	0.08838835
stray	stray/body/0	body	chest	0.0	0.0	0.0	-0.25	0.0	-0.125	0.25	0.75	0.125
stray	stray/hat/0	hat	chest	0.0	0.0	0.0	-0.25	-0.5	-0.25	0.25	0.0	0.25
stray	stray/head/0	head	head	0.0	0.0	0.0	-0.25	-0.5	-0.25	0.25	0.0	0.25
stray	stray/left_arm/0	left_arm	left_arm	0.3125	0.125	0.0	-0.0625	-0.125	-0.0625	0.0625	0.625	0.0625
stray	stray/left_leg/0	left_leg	left_leg	0.125	0.75	0.0	-0.0625	0.0	-0.0625	0.0625	0.75	0.0625
stray	stray/right_arm/0	right_arm	right_arm	-0.3125	0.125	0.0	-0.0625	-0.125	-0.0625	0.0625	0.625	0.0625
stray	stray/right_leg/0	right_leg	right_leg	-0.125	0.75	0.0	-0.0625	0.0	-0.0625	0.0625	0.75	0.0625
strider	strider/body/0	body	chest	0.0	0.0625	0.0	-0.5	-0.375	-0.5	0.5	0.5	0.5
strider	strider/body/left_bottom_bristle/0	body/left_bottom_bristle	chest	0.5	0.25	-0.5	0.0	0.0	0.0	0.25651503	0.7047695	1.0
strider	strider/body/left_middle_bristle/0	body/left_middle_bristle	chest	0.5	-0.0625	-0.5	0.0	0.0	0.0	0.31696367	0.6797309	1.0
strider	strider/body/left_top_bristle/0	body/left_top_bristle	chest	0.5	-0.3125	-0.5	0.0	0.0	0.0	0.48209065	0.57453334	0.99999994
strider	strider/body/right_bottom_bristle/0	body/right_bottom_bristle	chest	-0.5	0.3125	-0.5	-0.25651503	0.0	0.0	0.0	0.7047695	1.0
strider	strider/body/right_middle_bristle/0	body/right_middle_bristle	chest	-0.5	0.0	-0.5	-0.31696367	0.0	0.0	0.0	0.6797309	1.0
strider	strider/body/right_top_bristle/0	body/right_top_bristle	chest	-0.5	-0.25	-0.5	-0.48209065	0.0	0.0	0.0	0.57453334	0.99999994
strider	strider/left_leg/0	left_leg	left_leg	0.25	0.5	0.0	-0.125	0.0	-0.125	0.125	1.0	0.125
strider	strider/right_leg/0	right_leg	right_leg	-0.25	0.5	0.0	-0.125	0.0	-0.125	0.125	1.0	0.125
tadpole	tadpole/body/0	body	chest	0.0	1.375	-0.1875	-0.09375	-0.0625	0.0	0.09375	0.0625	0.1875
tadpole	tadpole/tail/0	tail	chest	0.0	1.375	0.0	0.0	-0.0625	0.0	0.0	0.0625	0.4375
tnt_minecart	tnt_minecart/back/0	back	chest	0.5625	0.25	0.0	-0.0625	-0.56249994	-0.49999997	0.0625	-0.0625	0.49999997
tnt_minecart	tnt_minecart/bottom/0	bottom	chest	0.0	0.25	0.0	-0.62499994	-0.0625	-0.49999997	0.62499994	0.0625	0.49999997
tnt_minecart	tnt_minecart/front/0	front	chest	-0.5625	0.25	0.0	-0.0625	-0.56249994	-0.49999997	0.0625	-0.0625	0.49999997
tnt_minecart	tnt_minecart/left/0	left	chest	0.0	0.25	-0.4375	-0.5	-0.5625	-0.0625	0.5	-0.0625	0.0625
tnt_minecart	tnt_minecart/right/0	right	chest	0.0	0.25	0.4375	-0.5	-0.5625	-0.0625	0.5	-0.0625	0.0625
trader_llama	trader_llama/body/0	body	chest	0.0	0.3125	0.125	-0.37499997	-0.18749999	-0.62499994	0.37499997	0.4375	0.5
trader_llama	trader_llama/head/0	head	head	0.0	0.4375	-0.375	-0.125	-0.875	-0.625	0.125	-0.625	-0.0625
trader_llama	trader_llama/head/1	head	head	0.0	0.4375	-0.375	-0.25	-1.0	-0.375	0.25	0.125	0.0
trader_llama	trader_llama/head/2	head	head	0.0	0.4375	-0.375	-0.25	-1.1875	-0.25	-0.0625	-1.0	-0.125
trader_llama	trader_llama/head/3	head	head	0.0	0.4375	-0.375	0.0625	-1.1875	-0.25	0.25	-1.0	-0.125
trader_llama	trader_llama/left_chest/0	left_chest	chest	0.34375	0.1875	0.1875	0.0	0.0	-0.31249997	0.1875	0.5	0.1875
trader_llama	trader_llama/left_front_leg/0	left_front_leg	left_leg	0.21875	0.625	-0.3125	-0.125	0.0	-0.125	0.125	0.875	0.125
trader_llama	trader_llama/left_hind_leg/0	left_hind_leg	left_leg	0.21875	0.625	0.375	-0.125	0.0	-0.125	0.125	0.875	0.125
trader_llama	trader_llama/right_chest/0	right_chest	chest	-0.53125	0.1875	0.1875	0.0	0.0	-0.31249997	0.1875	0.5	0.1875
trader_llama	trader_llama/right_front_leg/0	right_front_leg	right_leg	-0.21875	0.625	-0.3125	-0.125	0.0	-0.125	0.125	0.875	0.125
trader_llama	trader_llama/right_hind_leg/0	right_hind_leg	right_leg	-0.21875	0.625	0.375	-0.125	0.0	-0.125	0.125	0.875	0.125
trident	trident/pole/0	pole	chest	0.0	0.0	0.0	-0.03125	0.125	-0.03125	0.03125	1.6875	0.03125
trident	trident/pole/base/0	pole/base	chest	0.0	0.0	0.0	-0.09375	0.0	-0.03125	0.09375	0.125	0.03125
trident	trident/pole/left_spike/0	pole/left_spike	chest	0.0	0.0	0.0	-0.15625	-0.1875	-0.03125	-0.09375	0.0625	0.03125
trident	trident/pole/middle_spike/0	pole/middle_spike	chest	0.0	0.0	0.0	-0.03125	-0.25	-0.03125	0.03125	0.0	0.03125
trident	trident/pole/right_spike/0	pole/right_spike	chest	0.0	0.0	0.0	0.09375	-0.1875	-0.03125	0.15625	0.0625	0.03125
tropical_fish_large	tropical_fish_large/body/0	body	chest	0.0	1.1875	0.0	-0.0625	-0.1875	-0.1875	0.0625	0.1875	0.1875
tropical_fish_large	tropical_fish_large/bottom_fin/0	bottom_fin	chest	0.0	1.375	-0.1875	0.0	0.0	0.0	0.0	0.25	0.375
tropical_fish_large	tropical_fish_large/left_fin/0	left_fin	chest	0.0625	1.25	0.0	0.0	0.0	0.0	0.08838834	0.125	0.08838835
tropical_fish_large	tropical_fish_large/right_fin/0	right_fin	chest	-0.0625	1.25	0.0	-0.08838834	0.0	0.0	0.0	0.125	0.08838835
tropical_fish_large	tropical_fish_large/tail/0	tail	chest	0.0	1.1875	0.1875	0.0	-0.1875	0.0	0.0	0.1875	0.3125
tropical_fish_large	tropical_fish_large/top_fin/0	top_fin	chest	0.0	1.0	-0.1875	0.0	-0.25	0.0	0.0	0.0	0.375
tropical_fish_small	tropical_fish_small/body/0	body	chest	0.0	1.375	0.0	-0.0625	-0.09375	-0.1875	0.0625	0.09375	0.1875
tropical_fish_small	tropical_fish_small/left_fin/0	left_fin	chest	0.0625	1.40625	0.0	0.0	-0.0625	0.0	0.08838834	0.0625	0.08838835
tropical_fish_small	tropical_fish_small/right_fin/0	right_fin	chest	-0.0625	1.40625	0.0	-0.08838834	-0.0625	0.0	0.0	0.0625	0.08838835
tropical_fish_small	tropical_fish_small/tail/0	tail	chest	0.0	1.375	0.1875	0.0	-0.09375	0.0	0.0	0.09375	0.375
tropical_fish_small	tropical_fish_small/top_fin/0	top_fin	chest	0.0	1.28125	-0.1875	0.0	-0.1875	0.0	0.0	0.0	0.375
turtle	turtle/body/0	body	chest	0.0	0.6875	-0.625	-0.59374994	0.25	0.1875	0.59374994	0.625	1.4374999
turtle	turtle/body/1	body	chest	0.0	0.6875	-0.625	-0.34374997	0.625	0.1875	0.34374997	0.8125	1.3124999
turtle	turtle/egg_belly/0	egg_belly	chest	0.0	0.6875	-0.625	-0.28124997	0.8125	0.1875	0.28124997	0.875	1.3124999
turtle	turtle/head/0	head	head	0.0	1.1875	-0.625	-0.1875	-0.0625	-0.1875	0.1875	0.25	0.1875
turtle	turtle/left_front_leg/0	left_front_leg	left_leg	0.3125	1.3125	-0.25	0.0	0.0	-0.125	0.8125	0.0625	0.1875
turtle	turtle/left_hind_leg/0	left_hind_leg	left_leg	0.21875	1.375	0.6875	-0.125	0.0	0.0	0.125	0.0625	0.625
turtle	turtle/right_front_leg/0	right_front_leg	right_leg	-0.3125	1.3125	-0.25	-0.8125	0.0	-0.125	0.0	0.0625	0.1875
turtle	turtle/right_hind_leg/0	right_hind_leg	right_leg	-0.21875	1.375	0.6875	-0.125	0.0	0.0	0.125	0.0625	0.625
vex	vex/root/body/0	root/body	chest	0.0	1.09375	0.0	-0.09375	0.0	-0.0625	0.09375	0.25	0.0625
vex	vex/root/body/1	root/body	chest	0.0	1.09375	0.0	-0.09375	0.0625	-0.0625	0.09375	0.375	0.0625
vex	vex/root/body/left_arm/0	root/body/left_arm	left_arm	0.109375	1.109375	0.0	-0.046875	-0.03125	-0.0625	0.078125	0.21875	0.0625
vex	vex/root/body/left_wing/0	root/body/left_wing	left_arm	0.03125	1.15625	0.0625	0.0	0.0	0.0	0.0	0.3125	0.5
vex	vex/root/body/right_arm/0	root/body/right_arm	right_arm	-0.109375	1.109375	0.0	-0.078125	-0.03125	-0.0625	0.046875	0.21875	0.0625
vex	vex/root/body/right_wing/0	root/body/right_wing	right_arm	-0.03125	1.15625	0.0625	0.0	0.0	0.0	0.0	0.3125	0.5
vex	vex/root/head/0	root/head	head	0.0	1.09375	0.0	-0.15625	-0.3125	-0.15625	0.15625	0.0	0.15625
villager	villager/arms/0	arms	right_arm	0.0	0.1875	-0.0625	-0.49999997	-0.17666595	-0.34707564	-0.24999999	0.35958815	0.17666595
villager	villager/arms/1	arms	right_arm	0.0	0.1875	-0.0625	0.24999999	-0.17666595	-0.34707564	0.49999997	0.35958815	0.17666595
villager	villager/arms/2	arms	right_arm	0.0	0.1875	-0.0625	-0.24999999	0.0062562525	-0.34707564	0.24999999	0.35958815	0.0062562525
villager	villager/body/0	body	chest	0.0	0.0	0.0	-0.25	0.0	-0.1875	0.25	0.75	0.1875
villager	villager/body/jacket/0	body/jacket	chest	0.0	0.0	0.0	-0.25	0.0	-0.1875	0.25	1.25	0.1875
villager	villager/head/0	head	head	0.0	0.0	0.0	-0.25	-0.625	-0.25	0.25	0.0	0.25
villager	villager/head/hat/0	head/hat	head	0.0	0.0	0.0	-0.25	-0.625	-0.25	0.25	0.0	0.25
villager	villager/head/hat/hat_rim/0	head/hat/hat_rim	head	0.0	0.0	0.0	-0.49999997	-0.37499997	-0.49999997	0.49999997	-0.31249997	0.49999997
villager	villager/head/nose/0	head/nose	head	0.0	-0.125	0.0	-0.0625	-0.0625	-0.375	0.0625	0.1875	-0.25
villager	villager/left_leg/0	left_leg	left_leg	0.125	0.75	0.0	-0.125	0.0	-0.125	0.125	0.75	0.125
villager	villager/right_leg/0	right_leg	right_leg	-0.125	0.75	0.0	-0.125	0.0	-0.125	0.125	0.75	0.125
vindicator	vindicator/arms/0	arms	right_arm	0.0	0.1875	-0.0625	-0.49999997	-0.17666595	-0.34707564	-0.24999999	0.35958815	0.17666595
vindicator	vindicator/arms/1	arms	right_arm	0.0	0.1875	-0.0625	-0.24999999	0.0062562525	-0.34707564	0.24999999	0.35958815	0.0062562525
vindicator	vindicator/arms/left_shoulder/0	arms/left_shoulder	left_arm	0.0	0.1875	-0.0625	0.24999999	-0.17666595	-0.34707564	0.49999997	0.35958815	0.17666595
vindicator	vindicator/body/0	body	chest	0.0	0.0	0.0	-0.25	0.0	-0.1875	0.25	0.75	0.1875
vindicator	vindicator/body/1	body	chest	0.0	0.0	0.0	-0.25	0.0	-0.1875	0.25	1.25	0.1875
vindicator	vindicator/head/0	head	head	0.0	0.0	0.0	-0.25	-0.625	-0.25	0.25	0.0	0.25
vindicator	vindicator/head/hat/0	head/hat	head	0.0	0.0	0.0	-0.25	-0.625	-0.25	0.25	0.125	0.25
vindicator	vindicator/head/nose/0	head/nose	head	0.0	-0.125	0.0	-0.0625	-0.0625	-0.375	0.0625	0.1875	-0.25
vindicator	vindicator/left_arm/0	left_arm	left_arm	0.3125	0.125	0.0	-0.0625	-0.125	-0.125	0.1875	0.625	0.125
vindicator	vindicator/left_leg/0	left_leg	left_leg	0.125	0.75	0.0	-0.125	0.0	-0.125	0.125	0.75	0.125
vindicator	vindicator/right_arm/0	right_arm	right_arm	-0.3125	0.125	0.0	-0.1875	-0.125	-0.125	0.0625	0.625	0.125
vindicator	vindicator/right_leg/0	right_leg	right_leg	-0.125	0.75	0.0	-0.125	0.0	-0.125	0.125	0.75	0.125
wandering_trader	wandering_trader/arms/0	arms	right_arm	0.0	0.1875	-0.0625	-0.49999997	-0.17666595	-0.34707564	-0.24999999	0.35958815	0.17666595
wandering_trader	wandering_trader/arms/1	arms	right_arm	0.0	0.1875	-0.0625	0.24999999	-0.17666595	-0.34707564	0.49999997	0.35958815	0.17666595
wandering_trader	wandering_trader/arms/2	arms	right_arm	0.0	0.1875	-0.0625	-0.24999999	0.0062562525	-0.34707564	0.24999999	0.35958815	0.0062562525
wandering_trader	wandering_trader/body/0	body	chest	0.0	0.0	0.0	-0.25	0.0	-0.1875	0.25	0.75	0.1875
wandering_trader	wandering_trader/body/jacket/0	body/jacket	chest	0.0	0.0	0.0	-0.25	0.0	-0.1875	0.25	1.25	0.1875
wandering_trader	wandering_trader/head/0	head	head	0.0	0.0	0.0	-0.25	-0.625	-0.25	0.25	0.0	0.25
wandering_trader	wandering_trader/head/hat/0	head/hat	head	0.0	0.0	0.0	-0.25	-0.625	-0.25	0.25	0.0	0.25
wandering_trader	wandering_trader/head/hat/hat_rim/0	head/hat/hat_rim	head	0.0	0.0	0.0	-0.49999997	-0.37499997	-0.49999997	0.49999997	-0.31249997	0.49999997
wandering_trader	wandering_trader/head/nose/0	head/nose	head	0.0	-0.125	0.0	-0.0625	-0.0625	-0.375	0.0625	0.1875	-0.25
wandering_trader	wandering_trader/left_leg/0	left_leg	left_leg	0.125	0.75	0.0	-0.125	0.0	-0.125	0.125	0.75	0.125
wandering_trader	wandering_trader/right_leg/0	right_leg	right_leg	-0.125	0.75	0.0	-0.125	0.0	-0.125	0.125	0.75	0.125
warden	warden/bone/body/0	bone/body	chest	0.0	0.1875	0.0	-0.5625	-0.8125	-0.25	0.5625	0.5	0.4375
warden	warden/bone/body/head/0	bone/body/head	head	0.0	-0.625	0.0	-0.5	-1.0	-0.3125	0.5	0.0	0.3125
warden	warden/bone/body/head/left_tendril/0	bone/body/head/left_tendril	head	0.5	-1.375	0.0	0.0	-0.8125	0.0	1.0	0.1875	0.0
warden	warden/bone/body/head/right_tendril/0	bone/body/head/right_tendril	head	-0.5	-1.375	0.0	-1.0	-0.8125	0.0	0.0	0.1875	0.0
warden	warden/bone/body/left_arm/0	bone/body/left_arm	left_arm	0.8125	-0.625	0.0625	-0.25	0.0	-0.25	0.25	1.75	0.25
warden	warden/bone/body/left_ribcage/0	bone/body/left_ribcage	chest	0.4375	0.0625	-0.25	-0.4375	-0.6875	-0.006249994	0.125	0.625	-0.006249994
warden	warden/bone/body/right_arm/0	bone/body/right_arm	right_arm	-0.8125	-0.625	0.0625	-0.25	0.0	-0.25	0.25	1.75	0.25
warden	warden/bone/body/right_ribcage/0	bone/body/right_ribcage	chest	-0.4375	0.0625	-0.25	-0.125	-0.6875	-0.006249994	0.4375	0.625	-0.006249994
warden	warden/bone/left_leg/0	bone/left_leg	left_leg	0.36875	0.6875	0.0	-0.18125	0.0	-0.1875	0.19375	0.8125	0.1875
warden	warden/bone/right_leg/0	bone/right_leg	right_leg	-0.36875	0.6875	0.0	-0.19375	0.0	-0.1875	0.18125	0.8125	0.1875
wind_charge	wind_charge/bone/wind/0	bone/wind	chest	0.0	0.0	0.0	-0.3535534	-0.0625	-0.3535534	0.3535534	0.0625	0.3535534
wind_charge	wind_charge/bone/wind/1	bone/wind	chest	0.0	0.0	0.0	-0.26516503	-0.125	-0.26516503	0.26516503	0.125	0.26516503
wind_charge	wind_charge/bone/wind_charge/0	bone/wind_charge	chest	0.0	0.0	0.0	-0.125	-0.125	-0.125	0.125	0.125	0.125
witch	witch/arms/0	arms	right_arm	0.0	0.1875	-0.0625	-0.49999997	-0.17666595	-0.34707564	-0.24999999	0.35958815	0.17666595
witch	witch/arms/1	arms	right_arm	0.0	0.1875	-0.0625	0.24999999	-0.17666595	-0.34707564	0.49999997	0.35958815	0.17666595
witch	witch/arms/2	arms	right_arm	0.0	0.1875	-0.0625	-0.24999999	0.0062562525	-0.34707564	0.24999999	0.35958815	0.0062562525
witch	witch/body/0	body	chest	0.0	0.0	0.0	-0.25	0.0	-0.1875	0.25	0.75	0.1875
witch	witch/body/jacket/0	body/jacket	chest	0.0	0.0	0.0	-0.25	0.0	-0.1875	0.25	1.25	0.1875
witch	witch/head/0	head	head	0.0	0.0	0.0	-0.25	-0.625	-0.25	0.25	0.0	0.25
witch	witch/head/hat/0	head/hat	head	-0.3125	-0.6269531	-0.3125	0.0	0.0	0.0	0.625	0.125	0.625
witch	witch/head/hat/hat2/0	head/hat/hat2	head	-0.203125	-0.8769531	-0.1875	-0.0071346313	0.0	-0.013083994	0.43735	0.28391337	0.43690035
witch	witch/head/hat/hat2/hat3/0	head/hat/hat2/hat3	head	-0.08742348	-1.117122	-0.04958734	-0.021852605	0.0	-0.039775543	0.24922976	0.3047772	0.24692391
witch	witch/head/hat/hat2/hat3/hat4/0	head/hat/hat2/hat3/hat4	head	0.030150853	-1.2121149	0.093120426	-0.02490385	0.0	-0.0458395	0.061457507	0.14813662	0.058365002
witch	witch/head/hat/hat_rim/0	head/hat/hat_rim	head	-0.3125	-0.6269531	-0.3125	-0.5	-0.375	-0.5	0.49999997	-0.3125	0.49999997
witch	witch/head/nose/0	head/nose	head	0.0	-0.125	0.0	-0.0625	-0.0625	-0.375	0.0625	0.1875	-0.25
witch	witch/head/nose/mole/0	head/nose/mole	head	0.0	-0.25	0.0	0.0	0.1875	-0.421875	0.0625	0.25	-0.359375
witch	witch/left_leg/0	left_leg	left_leg	0.125	0.75	0.0	-0.125	0.0	-0.125	0.125	0.75	0.125
witch	witch/right_leg/0	right_leg	right_leg	-0.125	0.75	0.0	-0.125	0.0	-0.125	0.125	0.75	0.125
wither	wither/center_head/0	center_head	head	0.0	0.0	0.0	-0.25	-0.25	-0.25	0.25	0.25	0.25
wither	wither/left_head/0	left_head	head	0.625	0.25	0.0	-0.25	-0.25	-0.25	0.125	0.125	0.125
wither	wither/ribcage/0	ribcage	chest	-0.125	0.43125	-0.03125	0.0	-0.038022608	0.0	0.18749999	0.6120142	0.3103463
wither	wither/ribcage/1	ribcage	chest	-0.125	0.43125	-0.03125	-0.25	0.06011662	0.049612015	0.43749997	0.20786783	0.19736326
wither	wither/ribcage/2	ribcage	chest	-0.125	0.43125	-0.03125	-0.25	0.21312019	0.08129753	0.43749997	0.3608714	0.22904877
wither	wither/ribcage/3	ribcage	chest	-0.125	0.43125	-0.03125	-0.25	0.36612377	0.11298305	0.43749997	0.513875	0.2607343
wither	wither/right_head/0	right_head	head	-0.5	0.25	0.0	-0.25	-0.25	-0.25	0.125	0.125	0.125
wither	wither/shoulders/0	shoulders	chest	0.0	0.0	0.0	-0.625	0.24375	-0.03125	0.625	0.43125	0.15625
wither	wither/tail/0	tail	chest	-0.125	1.0432755	0.09543808	0.0	-0.13868082	0.0	0.1875	0.25237966	0.40355146
wither_skeleton	wither_skeleton/body/0	body	chest	0.0	0.0	0.0	-0.25	0.0	-0.125	0.25	0.75	0.125
wither_skeleton	wither_skeleton/hat/0	hat	chest	0.0	0.0	0.0	-0.25	-0.5	-0.25	0.25	0.0	0.25
wither_skeleton	wither_skeleton/head/0	head	head	0.0	0.0	0.0	-0.25	-0.5	-0.25	0.25	0.0	0.25
wither_skeleton	wither_skeleton/left_arm/0	left_arm	left_arm	0.3125	0.125	0.0	-0.0625	-0.125	-0.0625	0.0625	0.625	0.0625
wither_skeleton	wither_skeleton/left_leg/0	left_leg	left_leg	0.125	0.75	0.0	-0.0625	0.0	-0.0625	0.0625	0.75	0.0625
wither_skeleton	wither_skeleton/right_arm/0	right_arm	right_arm	-0.3125	0.125	0.0	-0.0625	-0.125	-0.0625	0.0625	0.625	0.0625
wither_skeleton	wither_skeleton/right_leg/0	right_leg	right_leg	-0.125	0.75	0.0	-0.0625	0.0	-0.0625	0.0625	0.75	0.0625
wither_skeleton_skull	wither_skeleton_skull/head/0	head	head	0.0	0.0	0.0	-0.25	-0.5	-0.25	0.25	0.0	0.25
wither_skull	wither_skull/head/0	head	head	0.0	0.0	0.0	-0.25	-0.5	-0.25	0.25	0.0	0.25
wolf	wolf/body/0	body	chest	0.0	0.875	0.125	-0.18749999	-0.1875	-0.12499999	0.18749999	0.1875	0.4375
wolf	wolf/head/real_head/0	head/real_head	head	-0.0625	0.84375	-0.4375	-0.125	-0.1875	-0.125	0.25	0.1875	0.125
wolf	wolf/head/real_head/1	head/real_head	head	-0.0625	0.84375	-0.4375	-0.125	-0.3125	0.0	0.0	-0.1875	0.0625
wolf	wolf/head/real_head/2	head/real_head	head	-0.0625	0.84375	-0.4375	0.125	-0.3125	0.0	0.25	-0.1875	0.0625
wolf	wolf/head/real_head/3	head/real_head	head	-0.0625	0.84375	-0.4375	-0.03125	-6.252527E-5	-0.3125	0.15625	0.18743753	-0.0625
wolf	wolf/left_front_leg/0	left_front_leg	left_leg	0.03125	1.0	-0.25	0.0	0.0	-0.0625	0.125	0.5	0.0625
wolf	wolf/left_hind_leg/0	left_hind_leg	left_leg	0.03125	1.0	0.4375	0.0	0.0	-0.0625	0.125	0.5	0.0625
wolf	wolf/right_front_leg/0	right_front_leg	right_leg	-0.15625	1.0	-0.25	0.0	0.0	-0.0625	0.125	0.5	0.0625
wolf	wolf/right_hind_leg/0	right_hind_leg	right_leg	-0.15625	1.0	0.4375	0.0	0.0	-0.0625	0.125	0.5	0.0625
wolf	wolf/tail/real_tail/0	tail/real_tail	chest	-0.0625	0.75	0.5	0.0	-0.036736608	-0.050563544	0.12499999	0.44124508	0.3444562
wolf	wolf/upper_body/0	upper_body	chest	-0.0625	0.875	-0.1875	-0.18749999	-0.25	-0.1875	0.31249997	0.1875	0.18749999
wolf_armor	wolf_armor/body/0	body	chest	0.0	0.875	0.125	-0.18749999	-0.1875	-0.12499999	0.18749999	0.1875	0.4375
wolf_armor	wolf_armor/head/real_head/0	head/real_head	head	-0.0625	0.84375	-0.4375	-0.125	-0.1875	-0.125	0.25	0.1875	0.125
wolf_armor	wolf_armor/head/real_head/1	head/real_head	head	-0.0625	0.84375	-0.4375	-0.125	-0.3125	0.0	0.0	-0.1875	0.0625
wolf_armor	wolf_armor/head/real_head/2	head/real_head	head	-0.0625	0.84375	-0.4375	0.125	-0.3125	0.0	0.25	-0.1875	0.0625
wolf_armor	wolf_armor/head/real_head/3	head/real_head	head	-0.0625	0.84375	-0.4375	-0.03125	-6.252527E-5	-0.3125	0.15625	0.18743753	-0.0625
wolf_armor	wolf_armor/left_front_leg/0	left_front_leg	left_leg	0.03125	1.0	-0.25	0.0	0.0	-0.0625	0.125	0.5	0.0625
wolf_armor	wolf_armor/left_hind_leg/0	left_hind_leg	left_leg	0.03125	1.0	0.4375	0.0	0.0	-0.0625	0.125	0.5	0.0625
wolf_armor	wolf_armor/right_front_leg/0	right_front_leg	right_leg	-0.15625	1.0	-0.25	0.0	0.0	-0.0625	0.125	0.5	0.0625
wolf_armor	wolf_armor/right_hind_leg/0	right_hind_leg	right_leg	-0.15625	1.0	0.4375	0.0	0.0	-0.0625	0.125	0.5	0.0625
wolf_armor	wolf_armor/tail/real_tail/0	tail/real_tail	chest	-0.0625	0.75	0.5	0.0	-0.036736608	-0.050563544	0.12499999	0.44124508	0.3444562
wolf_armor	wolf_armor/upper_body/0	upper_body	chest	-0.0625	0.875	-0.1875	-0.18749999	-0.25	-0.1875	0.31249997	0.1875	0.18749999
zoglin	zoglin/body/0	body	chest	0.0	0.4375	0.0	-0.5	-0.4375	-0.8125	0.5	0.4375	0.8125
zoglin	zoglin/body/mane/0	body/mane	chest	0.0	-0.4375	-0.3125	0.0	0.0	-0.5625	0.0	0.625	0.625
zoglin	zoglin/head/0	head	head	0.0	0.125	-0.75	-0.43749997	-0.12052266	-0.90694356	0.43749997	1.0302004	0.14363337
zoglin	zoglin/head/left_ear/0	head/left_ear	head	0.37499997	0.1882849	-0.96627825	0.0	-0.12653078	-0.11702496	0.3274409	0.25069648	0.26499987
zoglin	zoglin/head/left_horn/0	head/left_horn	head	0.43749997	0.7798818	-1.1363351	-0.0625	-0.4897942	-0.5668298	0.0625	0.04787779	0.040174246
zoglin	zoglin/head/right_ear/0	head/right_ear	head	-0.37499997	0.1882849	-0.96627825	-0.3274409	-0.12653078	-0.11702496	0.0	0.25069648	0.26499987
zoglin	zoglin/head/right_horn/0	head/right_horn	head	-0.43749997	0.7798818	-1.1363351	-0.0625	-0.4897942	-0.5668298	0.0625	0.04787779	0.040174246
zoglin	zoglin/left_front_leg/0	left_front_leg	left_leg	0.25	0.625	-0.53125	-0.1875	0.0	-0.1875	0.1875	0.875	0.1875
zoglin	zoglin/left_hind_leg/0	left_hind_leg	left_leg	0.3125	0.8125	0.625	-0.15625	0.0	-0.15625	0.15625	0.6875	0.15625
zoglin	zoglin/right_front_leg/0	right_front_leg	right_leg	-0.25	0.625	-0.53125	-0.1875	0.0	-0.1875	0.1875	0.875	0.1875
zoglin	zoglin/right_hind_leg/0	right_hind_leg	right_leg	-0.3125	0.8125	0.625	-0.15625	0.0	-0.15625	0.15625	0.6875	0.15625
zombie	zombie/body/0	body	chest	0.0	0.0	0.0	-0.25	0.0	-0.125	0.25	0.75	0.125
zombie	zombie/hat/0	hat	chest	0.0	0.0	0.0	-0.25	-0.5	-0.25	0.25	0.0	0.25
zombie	zombie/head/0	head	head	0.0	0.0	0.0	-0.25	-0.5	-0.25	0.25	0.0	0.25
zombie	zombie/left_arm/0	left_arm	left_arm	0.3125	0.125	0.0	-0.0625	-0.125	-0.125	0.1875	0.625	0.125
zombie	zombie/left_leg/0	left_leg	left_leg	0.11875	0.75	0.0	-0.125	0.0	-0.125	0.125	0.75	0.125
zombie	zombie/right_arm/0	right_arm	right_arm	-0.3125	0.125	0.0	-0.1875	-0.125	-0.125	0.0625	0.625	0.125
zombie	zombie/right_leg/0	right_leg	right_leg	-0.11875	0.75	0.0	-0.125	0.0	-0.125	0.125	0.75	0.125
zombie_head	zombie_head/head/0	head	head	0.0	0.0	0.0	-0.25	-0.5	-0.25	0.25	0.0	0.25
zombie_head	zombie_head/head/hat/0	head/hat	head	0.0	0.0	0.0	-0.25	-0.5	-0.25	0.25	0.0	0.25
zombie_horse	zombie_horse/body/0	body	chest	0.0	0.6875	0.3125	-0.3125	-0.5	-1.0625	0.3125	0.125	0.3125
zombie_horse	zombie_horse/body/saddle/0	body/saddle	chest	0.0	0.6875	0.3125	-0.3125	-0.5	-0.5625	0.3125	0.0625	0.0
zombie_horse	zombie_horse/body/tail/0	body/tail	chest	0.0	0.375	0.4375	-0.09374999	-0.125	0.0	0.09374999	0.7577722	0.65400636
zombie_horse	zombie_horse/head_parts/0	head_parts	head	0.0	0.25	-0.75	-0.12812498	-0.4810095	-0.29575324	0.121874996	0.38725948	0.45813292
zombie_horse	zombie_horse/head_parts/head/0	head_parts/head	head	0.0	0.25	-0.75	-0.18749999	-0.75164247	-0.45200324	0.18749999	-0.2622595	0.08313292
zombie_horse	zombie_horse/head_parts/head/left_ear/0	head_parts/head/left_ear	head	0.0	0.25	-0.75	0.034374997	-0.85989565	-0.18974364	0.15937498	-0.66626585	-0.041867077
zombie_horse	zombie_horse/head_parts/head/right_ear/0	head_parts/head/right_ear	head	0.0	0.25	-0.75	-0.15937498	-0.85989565	-0.18974364	-0.034374993	-0.66626585	-0.041867077
zombie_horse	zombie_horse/head_parts/head_saddle/0	head_parts/head_saddle	head	0.0	0.25	-0.75	-0.18749999	-0.7235175	-0.44659054	0.18749999	-0.26538453	0.034419
zombie_horse	zombie_horse/head_parts/left_saddle_line/0	head_parts/left_saddle_line	head	0.0	0.25	-0.75	0.19374996	-0.375	-0.5	0.19374996	-0.1875	0.5
zombie_horse	zombie_horse/head_parts/left_saddle_mouth/0	head_parts/left_saddle_mouth	head	0.0	0.25	-0.75	0.12499999	-0.36213928	-0.6060095	0.18749999	-0.1913861	-0.43525636
zombie_horse	zombie_horse/head_parts/mane/0	head_parts/mane	head	0.0	0.25	-0.75	-0.062499996	-0.814455	-0.07257581	0.062499996	0.114070415	0.5356774
zombie_horse	zombie_horse/head_parts/mouth_saddle_wrap/0	head_parts/mouth_saddle_wrap	head	0.0	0.25	-0.75	-0.12499999	-0.53289247	-0.56025636	0.12499999	-0.19975951	-0.29575324
zombie_horse	zombie_horse/head_parts/right_saddle_line/0	head_parts/right_saddle_line	head	0.0	0.25	-0.75	-0.19374996	-0.375	-0.5	-0.19374996	-0.1875	0.5
zombie_horse	zombie_horse/head_parts/right_saddle_mouth/0	head_parts/right_saddle_mouth	head	0.0	0.25	-0.75	-0.18749999	-0.36213928	-0.6060095	-0.12499999	-0.1913861	-0.43525636
zombie_horse	zombie_horse/head_parts/upper_mouth/0	head_parts/upper_mouth	head	0.0	0.25	-0.75	-0.12499999	-0.53289247	-0.7226361	0.12499999	-0.10600951	-0.29575324
zombie_horse	zombie_horse/left_front_baby_leg/0	left_front_baby_leg	left_leg	0.25	0.875	-0.75	-0.1875	-0.063125014	-0.118749976	0.0625	0.624375	0.13125002
zombie_horse	zombie_horse/left_front_leg/0	left_front_leg	left_leg	0.25	0.875	-0.75	-0.1875	-0.063125014	-0.118749976	0.0625	0.624375	0.13125002
zombie_horse	zombie_horse/left_hind_baby_leg/0	left_hind_baby_leg	left_leg	0.25	0.875	0.4375	-0.1875	-0.063125014	-0.0625	0.0625	0.624375	0.1875
zombie_horse	zombie_horse/left_hind_leg/0	left_hind_leg	left_leg	0.25	0.875	0.4375	-0.1875	-0.063125014	-0.0625	0.0625	0.624375	0.1875
zombie_horse	zombie_horse/right_front_baby_leg/0	right_front_baby_leg	right_leg	-0.25	0.875	-0.75	-0.0625	-0.063125014	-0.118749976	0.1875	0.624375	0.13125002
zombie_horse	zombie_horse/right_front_leg/0	right_front_leg	right_leg	-0.25	0.875	-0.75	-0.0625	-0.063125014	-0.118749976	0.1875	0.624375	0.13125002
zombie_horse	zombie_horse/right_hind_baby_leg/0	right_hind_baby_leg	right_leg	-0.25	0.875	0.4375	-0.0625	-0.063125014	-0.0625	0.1875	0.624375	0.1875
zombie_horse	zombie_horse/right_hind_leg/0	right_hind_leg	right_leg	-0.25	0.875	0.4375	-0.0625	-0.063125014	-0.0625	0.1875	0.624375	0.1875
zombie_villager	zombie_villager/body/0	body	chest	0.0	0.0	0.0	-0.25	0.0	-0.1875	0.25	0.75	0.1875
zombie_villager	zombie_villager/body/1	body	chest	0.0	0.0	0.0	-0.25	0.0	-0.1875	0.25	1.25	0.1875
zombie_villager	zombie_villager/hat/0	hat	chest	0.0	0.0	0.0	-0.25	-0.625	-0.25	0.25	0.0	0.25
zombie_villager	zombie_villager/hat/hat_rim/0	hat/hat_rim	chest	0.0	0.0	0.0	-0.49999997	-0.37499997	-0.49999997	0.49999997	-0.31249997	0.49999997
zombie_villager	zombie_villager/head/0	head	head	0.0	0.0	0.0	-0.25	-0.625	-0.25	0.25	0.0	0.25
zombie_villager	zombie_villager/head/1	head	head	0.0	0.0	0.0	-0.0625	-0.1875	-0.375	0.0625	0.0625	-0.25
zombie_villager	zombie_villager/left_arm/0	left_arm	left_arm	0.3125	0.125	0.0	-0.0625	-0.125	-0.125	0.1875	0.625	0.125
zombie_villager	zombie_villager/left_leg/0	left_leg	left_leg	0.125	0.75	0.0	-0.125	0.0	-0.125	0.125	0.75	0.125
zombie_villager	zombie_villager/right_arm/0	right_arm	right_arm	-0.3125	0.125	0.0	-0.1875	-0.125	-0.125	0.0625	0.625	0.125
zombie_villager	zombie_villager/right_leg/0	right_leg	right_leg	-0.125	0.75	0.0	-0.125	0.0	-0.125	0.125	0.75	0.125
zombified_piglin	zombified_piglin/body/0	body	chest	0.0	0.0	0.0	-0.25	0.0	-0.125	0.25	0.75	0.125
zombified_piglin	zombified_piglin/cloak/0	cloak	chest	0.0	0.0	0.0	-0.3125	0.0	-0.0625	0.3125	1.0	0.0
zombified_piglin	zombified_piglin/ear/0	ear	chest	0.0	0.0	0.0	-0.1875	-0.375	-0.0625	0.1875	0.0	0.0
zombified_piglin	zombified_piglin/head/0	head	head	0.0	0.0	0.0	-0.3125	-0.5	-0.25	0.3125	0.0	0.25
zombified_piglin	zombified_piglin/head/1	head	head	0.0	0.0	0.0	-0.125	-0.25	-0.3125	0.125	0.0	-0.25
zombified_piglin	zombified_piglin/head/2	head	head	0.0	0.0	0.0	0.125	-0.125	-0.3125	0.1875	0.0	-0.25
zombified_piglin	zombified_piglin/head/3	head	head	0.0	0.0	0.0	-0.1875	-0.125	-0.3125	-0.125	0.0	-0.25
zombified_piglin	zombified_piglin/head/left_ear/0	head/left_ear	head	0.28125	-0.375	0.0	0.0	-0.03125	-0.12499999	0.21037659	0.27063292	0.12499999
zombified_piglin	zombified_piglin/head/right_ear/0	head/right_ear	head	-0.28125	-0.375	0.0	-0.21037659	-0.03125	-0.12499999	0.0	0.27063292	0.12499999
zombified_piglin	zombified_piglin/jacket/0	jacket	chest	0.0	0.0	0.0	-0.25	0.0	-0.125	0.25	0.75	0.125
zombified_piglin	zombified_piglin/left_arm/0	left_arm	left_arm	0.3125	0.125	0.0	-0.0625	-0.125	-0.125	0.1875	0.625	0.125
zombified_piglin	zombified_piglin/left_leg/0	left_leg	left_leg	0.11875	0.75	0.0	-0.125	0.0	-0.125	0.125	0.75	0.125
zombified_piglin	zombified_piglin/left_pants/0	left_pants	chest	0.11875	0.75	0.0	-0.125	0.0	-0.125	0.125	0.75	0.125
zombified_piglin	zombified_piglin/left_sleeve/0	left_sleeve	chest	0.3125	0.125	0.0	-0.0625	-0.125	-0.125	0.1875	0.625	0.125
zombified_piglin	zombified_piglin/right_arm/0	right_arm	right_arm	-0.3125	0.125	0.0	-0.1875	-0.125	-0.125	0.0625	0.625	0.125
zombified_piglin	zombified_piglin/right_leg/0	right_leg	right_leg	-0.11875	0.75	0.0	-0.125	0.0	-0.125	0.125	0.75	0.125
zombified_piglin	zombified_piglin/right_pants/0	right_pants	chest	-0.11875	0.75	0.0	-0.125	0.0	-0.125	0.125	0.75	0.125
zombified_piglin	zombified_piglin/right_sleeve/0	right_sleeve	chest	-0.3125	0.125	0.0	-0.1875	-0.125	-0.125	0.0625	0.625	0.125
